Workbook
Name CVS100B: каталог!$Z$2:$Z$9
Name CVS100F: каталог!$AA$2:$AA$9
Name CVS100N: каталог!$AB$2:$AB$9
Name CVS160B: каталог!$AC$2:$AC$4
Name CVS160F: каталог!$AD$2:$AD$4
Name CVS160N: каталог!$AE$2:$AE$4
Name CVS250B: каталог!$AF$2:$AF$4
Name CVS250F: каталог!$AG$2:$AG$4
Name CVS250N: каталог!$AH$2:$AH$4
Name CVS400F: каталог!$AI$2:$AI$3
Name CVS400N: каталог!$AJ$2:$AJ$3
Name CVS630F: каталог!$AK$2:$AK$3
Name CVS630N: каталог!$AL$2:$AL$3
Name EZC100B: каталог!$O$2:$O$15
Name EZC100F: каталог!$P$2:$P$15
Name EZC100H: каталог!$R$2:$R$15
Name EZC100N: каталог!$Q$2:$Q$15
Name EZC250F: каталог!$S$2:$S$9
Name EZC250H: каталог!$U$2:$U$9
Name EZC250N: каталог!$T$2:$T$9
Name EZC400H: каталог!$W$2:$W$4
Name EZC400N: каталог!$V$2:$V$4
Name EZC630H: каталог!$Y$2:$Y$4
Name EZC630N: каталог!$X$2:$X$4
Name iC60H_B: каталог!$J$2:$J$16
Name iC60H_C: каталог!$L$2:$L$16
Name iC60H_D: каталог!$N$2:$N$16
Name iC60N_B: каталог!$I$2:$I$16
Name iC60N_C: каталог!$K$2:$K$16
Name iC60N_D: каталог!$M$2:$M$16
Name iDif_K: каталог!$H$2:$H$7
Name iK60N: каталог!$G$2:$G$15
Name MVS08H: каталог!$BP$2
Name MVS08N: каталог!$BO$2
Name MVS10H: каталог!$BR$2
Name MVS10N: каталог!$BQ$2
Name MVS12H: каталог!$BT$2
Name MVS12N: каталог!$BS$2
Name MVS16H: каталог!$BV$2
Name MVS16N: каталог!$BU$2
Name MVS20H: каталог!$BX$2
Name MVS20N: каталог!$BW$2
Name MVS25H: каталог!$BZ$2
Name MVS25N: каталог!$BY$2
Name MVS32H: каталог!$CB$2
Name MVS32N: каталог!$CA$2
Name MVS40H: каталог!$CD$2
Name MVS40N: каталог!$CC$2
Name NSX100B: каталог!$AM$2:$AM$3
Name NSX100F: каталог!$AN$2:$AN$3
Name NSX100H: каталог!$AP$2:$AP$3
Name NSX100L: каталог!$AR$2:$AR$3
Name NSX100N: каталог!$AO$2:$AO$3
Name NSX100S: каталог!$AQ$2:$AQ$3
Name NSX160B: каталог!$AS$2:$AS$4
Name NSX160F: каталог!$AT$2:$AT$4
Name NSX160H: каталог!$AV$2:$AV$4
Name NSX160L: каталог!$AX$2:$AX$4
Name NSX160N: каталог!$AU$2:$AU$4
Name NSX160S: каталог!$AW$2:$AW$4

Sheet выбор кабеля
S1: ГОСТ 31996-2012 | T1: ГОСТ 31996-2012 или производитель | W1: Ц02-98 | X1: Ц02-98 для алюминия - 45,65 для меди - 19,58 | Y1: Ц02-98 228 С | Z1: характеристика автомата | AD1: по ГОСТ 31996-2012 или производитель | AG1: время отключения селективного вышестоящего автомата | AK1: по ГОСТ 31996-2012 или производитель
A2: Поз. | B2: Наименование электроприемников | C2: Расчетный ток линии | D2: Ток трехфазного короткого замыкания в начале кабеля I(3)кз , кА | E2: Уставка защиты от перегрузки автоматического выключателя, Ir | F2: Выбор кабеля | P2: Проверка кабеля по ∆ U% | S2: Проверка по термической устойчивости к К.З. | AG2: Проверка по невозгоранию при К.З.
F3: тип кабеля | G3: кол-во кабелей | H3: кол-во жил | I3: сечение | J3: Iдд, А (Iдд ≥ In) | K3: коэф. на температуру среды | L3: Снижающий коэффициент при прокладке в коробах | M3: Снижающий коэффициент при прокладке в земле | N3: Iдд, А с учетом коэфф-ов (Iдд ≥ In) | O3: длина кабеля L, м | P3: r0 | Q3: x0 | R3: ∆ U% (медь, 380В) | S3: температура окр. среды Qокр | T3: длительно допустимая темп. кабеля Qдд | U3: фактическая температура окр. среды Q0 | V3: температура жилы до КЗ Qн | W3: эквивалентная постоянная времени затухания апериодической составляющей Т.К.З Таэ | X3: Постоянная характеризующая теплофизические характеристики материала, b | Y3: Величина обратная температурному коэффициенту электрического сопротивления а | Z3: время отключения основной защиты tоткл (техн. характеристика автомата) | AA3: Тепловой импульс, Втер | AB3: Коэффициент k | AC3: Тепм. жилы в начаде КЗ, Qк | AD3: Температура кабеля по условию термической устойчивости | AE3: проверка по термической устойчивости | AG3: время отключения резервной защиты t*откл | AH3: Тепловой импульс, Втер | AI3: Коэффициент k | AJ3: Тепм. жилы в конце КЗ, Qк | AK3: Температура по условию невозгорания при коротком замыканиия | AL3: проверка по условию невозгорания
B4: Питающий кабель | C4: =расчет!#REF! -> #REF! | D4: =#REF! -> #REF! | E4: 400 | F4: =расчет!#REF! -> #REF! | G4: =расчет!#REF! -> #REF! | H4: =расчет!#REF! -> #REF! | I4: =расчет!#REF! -> #REF! | J4: =расчет!#REF! -> #REF! | K4: 1 | L4: 1 | M4: 1 | N4: =J4*K4*L4*M4 -> #REF! | O4: 100 | P4: =(HLOOKUP(F4,каталог!$CG$42:$CO$60,MATCH(I4,каталог!$CF$42:$CF$60,0),0))/G4 -> #REF! | Q4: =(HLOOKUP(F4,каталог!$CS$42:$DA$57,MATCH(I4,каталог!$CR$42:$CR$57,0),0))/G4 -> #REF! | R4: =IF(расчет!#REF!=380,ROUND((1.732*C4*(P4*#REF!+Q4*SQRT(1-#REF!^2))*(O4/1000)*100)/#REF!,2),ROUND((2*C4*(P4*#REF!+Q4*SQRT(1-#REF!^2))*(O4/1000)*100)/#REF!,2)) -> #REF! | S4: 25 | T4: 70 | U4: 20 | V4: =U4+(T4-S4)*(C4/N4)^2 -> #REF! | W4: 0.02 | X4: 19.58 | Y4: 228 | Z4: 0.1 | AA4: =D4^2*(Z4+W4*(1-EXP(-(2*Z4)/W4))) -> #REF! | AB4: =(X4*AA4)/(I4*G4)^2 -> #REF! | AC4: =V4*EXP(AB4)+Y4*(EXP(AB4)-1) -> #REF! | AD4: 160 | AE4: =CONCATENATE(ROUND(AC4,),"<",AD4) -> #REF! | AF4: =IF(AC4<AD4,"ДА","НЕТ") -> #REF! | AG4: 0.2 | AH4: =D4^2*(AG4+W4*(1-EXP(-(2*AG4)/W4))) -> #REF! | AI4: =(X4*AH4)/(I4*G4)^2 -> #REF! | AJ4: =V4*EXP(AI4)+Y4*(EXP(AI4)-1) -> #REF! | AK4: 350 | AL4: =IF(AJ4<AK4,"ДА","НЕТ") -> #REF!

Sheet каталог
A1: Трансформатор | B1: Номинальная мощность, Sт.ном , кВА | C1: Потери короткого замыкания, Pк.ном , кВт | D1: Напряжение короткого замыкания, uк , % | F1: тип | G1: iK60N | H1: iDif_K | I1: iC60N_B | J1: iC60H_B | K1: iC60N_C | L1: iC60H_C | M1: iC60N_D | N1: iC60H_D | O1: EZC100B | P1: EZC100F | Q1: EZC100N | R1: EZC100H | S1: EZC250F | T1: EZC250N | U1: EZC250H | V1: EZC400N | W1: EZC400H | X1: EZC630N | Y1: EZC630H | Z1: CVS100B | AA1: CVS100F | AB1: CVS100N | AC1: CVS160B | AD1: CVS160F | AE1: CVS160N | AF1: CVS250B | AG1: CVS250F | AH1: CVS250N | AI1: CVS400F | AJ1: CVS400N | AK1: CVS630F | AL1: CVS630N | AM1: NSX100B | AN1: NSX100F | AO1: NSX100N | AP1: NSX100H | AQ1: NSX100S | AR1: NSX100L | AS1: NSX160B | AT1: NSX160F | AU1: NSX160N | AV1: NSX160H | AW1: NSX160S | AX1: NSX160L | AY1: NSX250B | AZ1: NSX250F | BA1: NSX250N | BB1: NSX250H | BC1: NSX250S | BD1: NSX250L | BE1: NSX400F | BF1: NSX400N | BG1: NSX400H | BH1: NSX400S | BI1: NSX400L | BJ1: NSX630F | BK1: NSX630N | BL1: NSX630H | BM1: NSX630S | BN1: NSX630L | BO1: MVS08N | BP1: MVS08H | BQ1: MVS10N | BR1: MVS10H | BS1: MVS12N | BT1: MVS12H | BU1: MVS16N | BV1: MVS16H | BW1: MVS20N | BX1: MVS20H | BY1: MVS25N | BZ1: MVS25H | CA1: MVS32N | CB1: MVS32H | CC1: MVS40N | CD1: MVS40H | CE1: Тип_кабеля | CF1: сечение | CG1: ВВГнг(А)-LS | CH1: ВВГнг(А)-FRLS | CI1: АВВГнг(А)-LS | CJ1: АВВГнг(А)-FRLS | CK1: ВБШвнг(А)-LS | CL1: ВБШвнг(А)-FRLS | CM1: АВБШвнг(А)-LS | CN1: АВБШвнг(А)-FRLS | CO1: ПвВнг(А)-LS | CQ1: кабель | CV1: труба | CY1: Сечение токопроводящей жилы, мм2 | CZ1: Сопротивление четырехжильного кабеля, мОм/м, при температуре жилы 65 *С | DF1: ток | DG1: контактор | DH1: Диапазон уставок тока реле
A2: ТЛС-10/6/0,4 | B2: 10 | C2: 0.28 | D2: 4.4 | F2: ном. ток | G2: 1 | H2: 6 | I2: 0.5 | J2: 0.5 | K2: 0.5 | L2: 0.5 | M2: 0.5 | N2: 0.5 | O2: 15 | P2: 15 | Q2: 15 | R2: 15 | S2: 100 | T2: 100 | U2: 100 | V2: 320 | W2: 320 | X2: 400 | Y2: 400 | Z2: 16 | AA2: 16 | AB2: 16 | AC2: 100 | AD2: 100 | AE2: 100 | AF2: 160 | AG2: 160 | AH2: 160 | AI2: 320 | AJ2: 320 | AK2: 500 | AL2: 500 | AM2: 40 | AN2: 40 | AO2: 40 | AP2: 40 | AQ2: 40 | AR2: 40 | AS2: 40 | AT2: 40 | AU2: 40 | AV2: 40 | AW2: 40 | AX2: 40 | AY2: 40 | AZ2: 40 | BA2: 40 | BB2: 40 | BC2: 40 | BD2: 40 | BE2: 400 | BF2: 400 | BG2: 400 | BH2: 400 | BI2: 400 | BJ2: 400 | BK2: 400 | BL2: 400 | BM2: 400 | BN2: 400 | BO2: 800 | BP2: 800 | BQ2: 1000 | BR2: 1000 | BS2: 1250 | BT2: 1250 | BU2: 1600 | BV2: 1600 | BW2: 2000 | BX2: 2000 | BY2: 2500 | BZ2: 2500 | CA2: 3200 | CB2: 3200 | CC2: 4000 | CD2: 4000 | CE2: ВВГнг(А)-LS | CF2: 1.5 | CG2: 19 | CH2: 19 | CI2: - | CJ2: - | CK2: 21 | CL2: 21 | CM2: - | CN2: - | CO2: 25 | CR2: нд | CS2: сеч | CT2: труба | CV2: ду | CW2: сеч | CZ2: r1 = r2 | DA2: x1 = x2 | DB2: r0 | DC2: x0 | DF2: 0.5 | DG2: LC1E06 | DH2: 0,1…0,16А | DI2: LRE01
A3: ТЛС-16/6/0,4 | B3: 16 | C3: 0.31 | D3: 3.1 | G3: 2 | H3: 10 | I3: 1 | J3: 1 | K3: 1 | L3: 1 | M3: 1 | N3: 1 | O3: 16 | P3: 16 | Q3: 16 | R3: 16 | S3: 125 | T3: 125 | U3: 125 | V3: 350 | W3: 350 | X3: 500 | Y3: 500 | Z3: 25 | AA3: 25 | AB3: 25 | AC3: 125 | AD3: 125 | AE3: 125 | AF3: 200 | AG3: 200 | AH3: 200 | AI3: 400 | AJ3: 400 | AK3: 600 | AL3: 600 | AM3: 100 | AN3: 100 | AO3: 100 | AP3: 100 | AQ3: 100 | AR3: 100 | AS3: 100 | AT3: 100 | AU3: 100 | AV3: 100 | AW3: 100 | AX3: 100 | AY3: 100 | AZ3: 100 | BA3: 100 | BB3: 100 | BC3: 100 | BD3: 100 | BJ3: 630 | BK3: 630 | BL3: 630 | BM3: 630 | BN3: 630 | CE3: ВВГнг(А)-FRLS | CF3: 2.5 | CG3: 25 | CH3: 25 | CI3: 21 | CJ3: 21 | CK3: 27 | CL3: 27 | CM3: 21 | CN3: 21 | CO3: 34 | CQ3: 2x1,5 | CR3: 7 | CS3: =0.785*CR3^2 -> 38.465 | CT3: =CS3*1.4 -> 53.851 | CU3: 16 | CV3: 10 | CW3: =0.785*CV3^2 -> 78.5 | CY3: 1.5 | CZ3: 3.54 | DA3: 0.1 | DB3: 4.24 | DC3: 1.49 | DF3: 1 | DG3: LC1E06
A4: ТЛС-25/6/0,4 | B4: 25 | C4: 0.47 | D4: 3 | G4: 3 | H4: 16 | I4: 2 | J4: 2 | K4: 2 | L4: 2 | M4: 2 | N4: 2 | O4: 20 | P4: 20 | Q4: 20 | R4: 20 | S4: 150 | T4: 150 | U4: 150 | V4: 400 | W4: 400 | X4: 600 | Y4: 600 | Z4: 32 | AA4: 32 | AB4: 32 | AC4: 160 | AD4: 160 | AE4: 160 | AF4: 250 | AG4: 250 | AH4: 250 | AS4: 160 | AT4: 160 | AU4: 160 | AV4: 160 | AW4: 160 | AX4: 160 | AY4: 160 | AZ4: 160 | BA4: 160 | BB4: 160 | BC4: 160 | BD4: 160 | CE4: АВВГнг(А)-LS | CF4: 4 | CG4: 35 | CH4: 35 | CI4: 29 | CJ4: 29 | CK4: 36 | CL4: 36 | CM4: 29 | CN4: 29 | CO4: 45 | CQ4: 2x2,5 | CR4: 8 | CS4: =0.785*CR4^2 -> 50.24 | CT4: =CS4*1.4 -> 70.336 | CU4: 16 | CV4: 12 | CW4: =0.785*CV4^2 -> 113.04 | CY4: 2.5 | CZ4: 3.54 | DA4: 0.1 | DB4: 4.24 | DC4: 1.49 | DF4: 2 | DG4: LC1E06
A5: ТЛС-40/6/0,4 | B5: 40 | C5: 0.65 | D5: 2.8 | G5: 4 | H5: 20 | I5: 3 | J5: 3 | K5: 3 | L5: 3 | M5: 3 | N5: 3 | O5: 25 | P5: 25 | Q5: 25 | R5: 25 | S5: 160 | T5: 160 | U5: 160 | Z5: 40 | AA5: 40 | AB5: 40 | AY5: 250 | AZ5: 250 | BA5: 250 | BB5: 250 | BC5: 250 | BD5: 250 | CE5: АВВГнг(А)-FRLS | CF5: 6 | CG5: 42 | CH5: 42 | CI5: 37 | CJ5: 37 | CK5: 46 | CL5: 46 | CM5: 37 | CN5: 37 | CO5: 56 | CQ5: 2x4 | CR5: 10 | CS5: =0.785*CR5^2 -> 78.5 | CT5: =CS5*1.4 -> 109.9 | CU5: 16 | CV5: 14 | CW5: =0.785*CV5^2 -> 153.86 | CY5: 4 | CZ5: 3.54 | DA5: 0.1 | DB5: 4.24 | DC5: 1.49 | DF5: 3 | DG5: LC1E06 | DJ5: =IF(DI5<=0.5,0.5,IF(DI5<=1,1,IF(DI5<=2,2,IF(DI5<=3,3,IF(DI5<=4,4,IF(DI5<=6,6,IF(DI5<=10,10,IF(DI5<=13,13,IF(DI5<=14,14,IF(DI5<=15,15,IF(DI5<=16,16,IF(DI5<=20,20,IF(DI5<=25,25,IF(DI5<=30,30,IF(DI5<=32,32,IF(DI5<=40,40,IF(DI5<=45,45,IF(DI5<=50,50,IF(DI5<=60,60,IF(DI5<=63,63,IF(DI5<=75,75,IF(DI5<=80,80,IF(DI5<=100,100,IF(DI5<=125,125,IF(DI5<=150,150,IF(DI5<=160,160,IF(DI5<=175,175,IF(DI5<=200,200,IF(DI5<=225,225,IF(DI5<=250,250,IF(DI5<=320,320,IF(DI5<=350,350,IF(DI5<=400,400,IF(DI5<=500,500,IF(DI5<=600,600,IF(DI5<=630,630)))))))))))))))))))))))))))))))))))) -> 0.5
A6: ТЛС-63/6/0,4 | B6: 63 | C6: 0.82 | D6: 2.1 | G6: 6 | H6: 25 | I6: 4 | J6: 4 | K6: 4 | L6: 4 | M6: 4 | N6: 4 | O6: 30 | P6: 30 | Q6: 30 | R6: 30 | S6: 175 | T6: 175 | U6: 175 | Z6: 50 | AA6: 50 | AB6: 50 | CE6: ВБШвнг(А)-LS | CF6: 10 | CG6: 55 | CH6: 55 | CI6: 50 | CJ6: 50 | CK6: 63 | CL6: 63 | CM6: 50 | CN6: 50 | CO6: 78 | CQ6: 2x6 | CR6: 11 | CS6: =0.785*CR6^2 -> 94.985 | CT6: =CS6*1.4 -> 132.979 | CU6: 16 | CV6: 16 | CW6: =0.785*CV6^2 -> 200.96 | CY6: 6 | CZ6: 3.54 | DA6: 0.1 | DB6: 4.24 | DC6: 1.49 | DF6: 4 | DG6: LC1E06
A7: ТЛС-100/6/0,4 | B7: 100 | C7: 2 | D7: 6 | G7: 10 | H7: 32 | I7: 6 | J7: 6 | K7: 6 | L7: 6 | M7: 6 | N7: 6 | O7: 32 | P7: 32 | Q7: 32 | R7: 32 | S7: 200 | T7: 200 | U7: 200 | Z7: 63 | AA7: 63 | AB7: 63 | CE7: ВБШвнг(А)-FRLS | CF7: 16 | CG7: 75 | CH7: 75 | CI7: 67 | CJ7: 67 | CK7: 84 | CL7: 84 | CM7: 67 | CN7: 67 | CO7: 104 | CQ7: 2x16 | CR7: 16 | CS7: =0.785*CR7^2 -> 200.96 | CT7: =CS7*1.4 -> 281.344 | CU7: 16 | CV7: 20 | CW7: =0.785*CV7^2 -> 314 | CY7: 10 | CZ7: 2.13 | DA7: 0.095 | DB7: 2.88 | DC7: 1.34 | DF7: 6 | DG7: LC1E06
A8: ТЛС-160/6/0,4 | B8: 160 | C8: 2.5 | D8: 6 | G8: 13 | I8: 10 | J8: 10 | K8: 10 | L8: 10 | M8: 10 | N8: 10 | O8: 40 | P8: 40 | Q8: 40 | R8: 40 | S8: 225 | T8: 225 | U8: 225 | Z8: 80 | AA8: 80 | AB8: 80 | CE8: АВБШвнг(А)-LS | CF8: 25 | CG8: 95 | CH8: 95 | CI8: 87 | CJ8: 87 | CK8: 112 | CL8: 112 | CM8: 87 | CN8: 87 | CO8: 141 | CQ8: 3x1,5 | CR8: 8 | CS8: =0.785*CR8^2 -> 50.24 | CT8: =CS8*1.4 -> 70.336 | CU8: 16 | CV8: 22 | CW8: =0.785*CV8^2 -> 379.94 | CY8: 16 | CZ8: 1.33 | DA8: 0.09 | DB8: 2.12 | DC8: 1.14 | DF8: 10 | DG8: LC1E12
A9: ТЛС-250/6/0,4 | B9: 250 | C9: 3.22 | D9: 6 | G9: 16 | I9: 13 | J9: 13 | K9: 13 | L9: 13 | M9: 13 | N9: 13 | O9: 45 | P9: 45 | Q9: 45 | R9: 45 | S9: 250 | T9: 250 | U9: 250 | Z9: 100 | AA9: 100 | AB9: 100 | CE9: АВБШвнг(А)-FRLS | CF9: 35 | CG9: 120 | CH9: 120 | CI9: 106 | CJ9: 106 | CK9: 137 | CL9: 137 | CM9: 106 | CN9: 106 | CO9: 172 | CQ9: 3x2,5 | CR9: 9 | CS9: =0.785*CR9^2 -> 63.585 | CT9: =CS9*1.4 -> 89.019 | CU9: 16 | CV9: 25 | CW9: =0.785*CV9^2 -> 490.625 | CY9: 25 | CZ9: 0.86 | DA9: 0.089 | DB9: 1.63 | DC9: 0.91 | DF9: 13 | DG9: LC1E18
A10: ТЛС-400/6/0,4 | B10: 400 | C10: 4.7 | D10: 6 | G10: 20 | I10: 16 | J10: 16 | K10: 16 | L10: 16 | M10: 16 | N10: 16 | O10: 50 | P10: 50 | Q10: 50 | R10: 50 | CE10: ПвВнг(А)-LS | CF10: 50 | CG10: 145 | CH10: 145 | CI10: 126 | CJ10: 126 | CK10: 167 | CL10: 167 | CM10: 126 | CN10: 126 | CO10: 209 | CQ10: 3x4 | CR10: 10 | CS10: =0.785*CR10^2 -> 78.5 | CT10: =CS10*1.4 -> 109.9 | CU10: 16 | CV10: 28 | CW10: =0.785*CV10^2 -> 615.44 | CY10: 35 | CZ10: 0.61 | DA10: 0.086 | DB10: 1.33 | DC10: 0.74 | DF10: 14 | DG10: LC1E18
A11: ТЛС-630/6/0,4 | B11: 630 | C11: 5.5 | D11: 6 | G11: 25 | I11: 20 | J11: 20 | K11: 20 | L11: 20 | M11: 20 | N11: 20 | O11: 60 | P11: 60 | Q11: 60 | R11: 60 | CF11: 70 | CG11: 180 | CH11: 180 | CI11: 161 | CJ11: 161 | CK11: 211 | CL11: 211 | CM11: 161 | CN11: 161 | CO11: 265 | CQ11: 3x6 | CR11: 12 | CS11: =0.785*CR11^2 -> 113.04 | CT11: =CS11*1.4 -> 158.256 | CU11: 16 | CV11: 32 | CW11: =0.785*CV11^2 -> 803.84 | CY11: 50 | CZ11: 0.43 | DA11: 0.086 | DB11: 1.05 | DC11: 0.58 | DF11: 15 | DG11: LC1E18
A12: ТЛС-1000/6/0,4 | B12: 1000 | C12: 8.3 | D12: 6 | G12: 32 | I12: 25 | J12: 25 | K12: 25 | L12: 25 | M12: 25 | N12: 25 | O12: 63 | P12: 63 | Q12: 63 | R12: 63 | CF12: 95 | CG12: 220 | CH12: 220 | CI12: 197 | CJ12: 197 | CK12: 261 | CL12: 261 | CM12: 197 | CN12: 197 | CO12: 327 | CQ12: 3x10 | CR12: 16 | CS12: =0.785*CR12^2 -> 200.96 | CT12: =CS12*1.4 -> 281.344 | CU12: 16 | CV12: 35 | CW12: =0.785*CV12^2 -> 961.625 | CY12: 70 | CZ12: 0.3 | DA12: 0.073 | DB12: 0.85 | DC12: 0.42 | DF12: 16 | DG12: LC1E18
A13: ТЛС-1250/6/0,4 | B13: 1250 | C13: 10.5 | D13: 6 | G13: 40 | I13: 32 | J13: 32 | K13: 32 | L13: 32 | M13: 32 | N13: 32 | O13: 75 | P13: 75 | Q13: 75 | R13: 75 | CF13: 120 | CG13: 260 | CH13: 260 | CI13: 229 | CJ13: 229 | CK13: 302 | CL13: 302 | CM13: 229 | CN13: 229 | CO13: 381 | CQ13: 3x16 | CR13: 18 | CS13: =0.785*CR13^2 -> 254.34 | CT13: =CS13*1.4 -> 356.076 | CU13: 25 | CV13: 40 | CW13: =0.785*CV13^2 -> 1256 | CY13: 95 | CZ13: 0.22 | DA13: 0.072 | DB13: 0.66 | DC13: 0.35 | DF13: 20 | DG13: LC1E25
A14: ТЛС-1600/6/0,4 | B14: 1600 | C14: 14 | D14: 6 | G14: 50 | I14: 40 | J14: 40 | K14: 40 | L14: 40 | M14: 40 | N14: 40 | O14: 80 | P14: 80 | Q14: 80 | R14: 80 | CF14: 150 | CG14: 305 | CH14: 305 | CI14: 261 | CJ14: 261 | CK14: 346 | CL14: 346 | CM14: 261 | CN14: 261 | CO14: 437 | CQ14: 3x25 | CR14: 24 | CS14: =0.785*CR14^2 -> 452.16 | CT14: =CS14*1.4 -> 633.024 | CU14: 32 | CV14: 50 | CW14: =0.785*CV14^2 -> 1962.5 | CY14: 120 | CZ14: 0.18 | DA14: 0.07 | DB14: 0.54 | DC14: 0.31 | DF14: 25 | DG14: LC1E25
A15: ТЛС-2500/6/0,4 | B15: 2500 | C15: 17 | D15: 6 | G15: 63 | I15: 50 | J15: 50 | K15: 50 | L15: 50 | M15: 50 | N15: 50 | O15: 100 | P15: 100 | Q15: 100 | R15: 100 | CF15: 185 | CG15: 350 | CH15: 350 | CI15: 302 | CJ15: 302 | CK15: 397 | CL15: 397 | CM15: 302 | CN15: 302 | CO15: 504 | CQ15: 3x35 | CR15: 26 | CS15: =0.785*CR15^2 -> 530.66 | CT15: =CS15*1.4 -> 742.924 | CU15: 32 | CY15: 150 | CZ15: 0.14 | DA15: 0.07 | DB15: 0.45 | DC15: 0.28 | DF15: 30 | DG15: LC1E32
A16: ТЛС-10/10/0,4 | B16: 10 | C16: 0.28 | D16: 4.4 | I16: 63 | J16: 63 | K16: 63 | L16: 63 | M16: 63 | N16: 63 | CF16: 240 | CG16: 472 | CH16: 472 | CI16: 359 | CJ16: 359 | CK16: 472 | CL16: 472 | CM16: 359 | CN16: 359 | CO16: 598 | CQ16: 4x1,5 | CR16: 8 | CS16: =0.785*CR16^2 -> 50.24 | CT16: =CS16*1.4 -> 70.336 | CU16: 16 | CY16: 185 | CZ16: 0.115 | DA16: 0.069 | DB16: 0.37 | DC16: 0.27 | DF16: 32 | DG16: LC1E32
A17: ТЛС-16/10/0,4 | B17: 16 | C17: 0.31 | D17: 3.1 | CF17: 300 | CG17: 542 | CH17: 542 | CI17: 424 | CJ17: 424 | CK17: 542 | CL17: 542 | CM17: 424 | CN17: 424 | CO17: 688 | CQ17: 4x2,5 | CR17: 10 | CS17: =0.785*CR17^2 -> 78.5 | CT17: =CS17*1.4 -> 109.9 | CU17: 16 | CY17: 240 | CZ17: 0.089 | DA17: 0.06 | DB17: 0.62 | DC17: 1.36 | DF17: 40 | DG17: LC1E40
A18: ТЛС-25/10/0,4 | B18: 25 | C18: 0.47 | D18: 3 | CF18: 400 | CG18: 633 | CH18: 633 | CI18: 501 | CJ18: 501 | CK18: 633 | CL18: 633 | CM18: 501 | CN18: 501 | CO18: 807 | CQ18: 4x4 | CR18: 12 | CS18: =0.785*CR18^2 -> 113.04 | CT18: =CS18*1.4 -> 158.256 | CU18: 16 | DF18: 45 | DG18: LC1E50
A19: ТЛС-40/10/0,4 | B19: 40 | C19: 0.65 | D19: 2.8 | F19: Iотл. | G19: 6 | H19: 6 | I19: 6 | J19: 10 | K19: 6 | L19: 10 | M19: 6 | N19: 10 | O19: 7.5 | P19: 10 | Q19: 18 | R19: 30 | S19: 18 | T19: 25 | U19: 36 | V19: 36 | W19: 50 | X19: 36 | Y19: 50 | Z19: 25 | AA19: 36 | AB19: 50 | AC19: 25 | AD19: 36 | AE19: 50 | AF19: 25 | AG19: 36 | AH19: 50 | AI19: 36 | AJ19: 50 | AK19: 36 | AL19: 50 | AM19: 25 | AN19: 36 | AO19: 50 | AP19: 70 | AQ19: 100 | AR19: 150 | AS19: 25 | AT19: 36 | AU19: 50 | AV19: 70 | AW19: 100 | AX19: 150 | AY19: 25 | AZ19: 36 | BA19: 50 | BB19: 70 | BC19: 100 | BD19: 150 | BE19: 36 | BF19: 50 | BG19: 70 | BH19: 100 | BI19: 150 | BJ19: 36 | BK19: 50 | BL19: 70 | BM19: 100 | BN19: 150 | BO19: 50 | BP19: 65 | BQ19: 50 | BR19: 65 | BS19: 50 | BT19: 65 | BU19: 50 | BV19: 65 | BW19: 50 | BX19: 65 | BY19: 50 | BZ19: 65 | CA19: 50 | CB19: 65 | CC19: 55 | CD19: 65 | CF19: 500 | CQ19: 4x6 | CR19: 13 | CS19: =0.785*CR19^2 -> 132.665 | CT19: =CS19*1.4 -> 185.731 | CU19: 16 | DF19: 50 | DG19: LC1E50
A20: ТЛС-63/10/0,4 | B20: 63 | C20: 0.82 | D20: 2.1 | CF20: 630 | CQ20: 4x10 | CR20: 17 | CS20: =0.785*CR20^2 -> 226.865 | CT20: =CS20*1.4 -> 317.611 | CU20: 25 | DF20: 60 | DG20: LC1E65
A21: ТЛС-100/10/0,4 | B21: 100 | C21: 2 | D21: 6 | CF21: 800 | CQ21: 4x16 | CR21: 19 | CS21: =0.785*CR21^2 -> 283.385 | CT21: =CS21*1.4 -> 396.739 | CU21: 25 | DF21: 63 | DG21: LC1E65
A22: ТЛС-160/10/0,4 | B22: 160 | C22: 2.5 | D22: 6 | F22: Номинальный ток выключателя, А | G22: Сопротивление катушки и контакта, мОм | CF22: 1000 | CQ22: 4x25 | CR22: 26 | CS22: =0.785*CR22^2 -> 530.66 | CT22: =CS22*1.4 -> 742.924 | CU22: 32 | DF22: 75 | DG22: LC1E80
A23: ТЛС-250/10/0,4 | B23: 250 | C23: 3.22 | D23: 6 | G23: rkb | H23: xkb | CQ23: 4x35 | CR23: 29 | CS23: =0.785*CR23^2 -> 660.185 | CT23: =CS23*1.4 -> 924.259 | CU23: 50 | DF23: 80 | DG23: LC1E80
A24: ТЛС-400/10/0,4 | B24: 400 | C24: 4.7 | D24: 6 | F24: 50 | G24: 7 | H24: 4.5 | CQ24: 5x1,5 | CR24: 10 | CS24: =0.785*CR24^2 -> 78.5 | CT24: =CS24*1.4 -> 109.9 | CU24: 16 | DF24: 100 | DG24: LC1E120
A25: ТЛС-630/10/0,4 | B25: 630 | C25: 5.5 | D25: 6 | F25: 70 | G25: 3.5 | H25: 2 | CQ25: 5x2,5 | CR25: 11 | CS25: =0.785*CR25^2 -> 94.985 | CT25: =CS25*1.4 -> 132.979 | CU25: 16 | DF25: 125 | DG25: LC1E160
A26: ТЛС-1000/10/0,4 | B26: 1000 | C26: 8.3 | D26: 6 | F26: 100 | G26: 2.15 | H26: 1.2 | CQ26: 5x4 | CR26: 13 | CS26: =0.785*CR26^2 -> 132.665 | CT26: =CS26*1.4 -> 185.731 | CU26: 16 | DF26: 150 | DG26: LC1E160
A27: ТЛС-1250/10/0,4 | B27: 1250 | C27: 10.5 | D27: 6 | F27: 140 | G27: 1.3 | H27: 0.7 | CQ27: 5x6 | CR27: 14 | CS27: =0.785*CR27^2 -> 153.86 | CT27: =CS27*1.4 -> 215.404 | CU27: 25 | DF27: 160 | DG27: LC1E160
A28: ТЛС-1600/10/0,4 | B28: 1600 | C28: 14 | D28: 6 | F28: 200 | G28: 1.1 | H28: 0.5 | CQ28: 5x10 | CR28: 19 | CS28: =0.785*CR28^2 -> 283.385 | CT28: =CS28*1.4 -> 396.739 | CU28: 25 | DF28: 175 | DG28: LC1E200
A29: ТЛС-2500/10/0,4 | B29: 2500 | C29: 17 | D29: 6 | F29: 400 | G29: 0.65 | H29: 0.17 | CQ29: 5x16 | CR29: 21 | CS29: =0.785*CR29^2 -> 346.185 | CT29: =CS29*1.4 -> 484.659 | CU29: 25 | DF29: 200 | DG29: LC1E200
A30: ТМГ-100/6/0,4 | B30: 100 | C30: 2 | D30: 4.5 | F30: 600 | G30: 0.41 | H30: 0.13 | CQ30: 5x25 | CR30: 29 | CS30: =0.785*CR30^2 -> 660.185 | CT30: =CS30*1.4 -> 924.259 | CU30: 50 | DF30: 225 | DG30: LC1E250
A31: ТМГ-160/6/0,4 | B31: 160 | C31: 2.8 | D31: 4.5 | F31: 1000 | G31: 0.25 | H31: 0.1 | CQ31: 5x35 | CR31: 31 | CS31: =0.785*CR31^2 -> 754.385 | CT31: =CS31*1.4 -> 1056.139 | CU31: 50 | DF31: 250 | DG31: LC1E250
A32: ТМГ-250/6/0,4 | B32: 250 | C32: 3.5 | D32: 4.5 | F32: 1600 | G32: 0.14 | H32: 0.08 | DF32: 320 | DG32: LC1E400
A33: ТМГ-400/6/0,4 | B33: 400 | C33: 6 | D33: 4.5 | F33: 2500 | G33: 0.13 | H33: 0.07 | DF33: 350 | DG33: LC1E400
A34: ТМГ-630/6/0,4 | B34: 630 | C34: 8.2 | D34: 5.5 | F34: 4000 | G34: 0.1 | H34: 0.05 | DF34: 400 | DG34: LC1E400
A35: ТМГ-1000/6/0,4 | B35: 1000 | C35: 10.5 | D35: 5.5 | DF35: 500 | DG35: LC1E500
A36: ТМГ-100/10/0,4 | B36: 100 | C36: 2 | D36: 4.5 | DF36: 600 | DG36: LC1E630
A37: ТМГ-160/10/0,4 | B37: 160 | C37: 2.8 | D37: 4.5 | DF37: 630 | DG37: LC1E630
A38: ТМГ-250/10/0,4 | B38: 250 | C38: 3.5 | D38: 4.5 | DF38: 800
A39: ТМГ-400/10/0,4 | B39: 400 | C39: 6 | D39: 4.5 | DF39: 1000
A40: ТМГ-630/10/0,4 | B40: 630 | C40: 8.2 | D40: 5.5 | DF40: 1250
A41: ТМГ-1000/10/0,4 | B41: 1000 | C41: 10.5 | D41: 5.5 | CF41: активное сопротивление | CR41: индуктивное сопротивление | DF41: 1600
G42: iK60N | H42: iDif_K | I42: iC60N_B | J42: iC60H_B | K42: iC60N_C | L42: iC60H_C | M42: iC60N_D | N42: iC60H_D | O42: EZC100B | P42: EZC100F | Q42: EZC100N | R42: EZC100H | S42: EZC250F | T42: EZC250N | U42: EZC250H | V42: EZC400N | W42: EZC400H | X42: EZC630N | Y42: EZC630H | Z42: CVS100B | AA42: CVS100F | AB42: CVS100N | AC42: CVS160B | AD42: CVS160F | AE42: CVS160N | AF42: CVS250B | AG42: CVS250F | AH42: CVS250N | AI42: CVS400F | AJ42: CVS400N | AK42: CVS630F | AL42: CVS630N | AM42: NSX100B | AN42: NSX100F | AO42: NSX100N | AP42: NSX100H | AQ42: NSX100S | AR42: NSX100L | AS42: NSX160B | AT42: NSX160F | AU42: NSX160N | AV42: NSX160H | AW42: NSX160S | AX42: NSX160L | AY42: NSX250B | AZ42: NSX250F | BA42: NSX250N | BB42: NSX250H | BC42: NSX250S | BD42: NSX250L | BE42: NSX400F | BF42: NSX400N | BG42: NSX400H | BH42: NSX400S | BI42: NSX400L | BJ42: NSX630F | BK42: NSX630N | BL42: NSX630H | BM42: NSX630S | BN42: NSX630L | BO42: MVS08N | BP42: MVS08H | BQ42: MVS10N | BR42: MVS10H | BS42: MVS12N | BT42: MVS12H | BU42: MVS16N | BV42: MVS16H | BW42: MVS20N | BX42: MVS20H | BY42: MVS25N | BZ42: MVS25H | CA42: MVS32N | CB42: MVS32H | CC42: MVS40N | CD42: MVS40H | CG42: ВВГнг(А)-LS | CH42: ВВГнг(А)-FRLS | CI42: АВВГнг(А)-LS | CJ42: АВВГнг(А)-FRLS | CK42: ВБШвнг(А)-LS | CL42: ВБШвнг(А)-FRLS | CM42: АВБШвнг(А)-LS | CN42: АВБШвнг(А)-FRLS | CO42: ПвВнг(А)-LS | CS42: ВВГнг(А)-LS | CT42: ВВГнг(А)-FRLS | CU42: АВВГнг(А)-LS | CV42: АВВГнг(А)-FRLS | CW42: ВБШвнг(А)-LS | CX42: ВБШвнг(А)-FRLS | CY42: АВБШвнг(А)-LS | CZ42: АВБШвнг(А)-FRLS | DA42: ПвВнг(А)-LS | DF42: 2000
F43: 0.5 | G43: - | H43: - | I43: 2 | J43: 2 | K43: =F43*8 -> 4 | L43: 4 | M43: 6 | N43: 6 | O43: - | P43: - | Q43: - | R43: - | S43: - | T43: - | U43: - | V43: - | W43: - | X43: - | Y43: - | Z43: - | AA43: - | AB43: - | AC43: - | AD43: - | AE43: - | AF43: - | AG43: - | AH43: - | AI43: - | AJ43: - | AK43: - | AL43: - | AM43: - | AN43: - | AO43: - | AP43: - | AQ43: - | AR43: - | AS43: - | AT43: - | AU43: - | AV43: - | AW43: - | AX43: - | AY43: - | AZ43: - | BA43: - | BB43: - | BC43: - | BD43: - | BE43: - | BF43: - | BG43: - | BH43: - | BI43: - | BJ43: - | BK43: - | BL43: - | BM43: - | BN43: - | BO43: - | BP43: - | BQ43: - | BR43: - | BS43: - | BT43: - | BU43: - | BV43: - | BW43: - | BX43: - | BY43: - | BZ43: - | CA43: - | CB43: - | CC43: - | CD43: - | CF43: 1 | CG43: 18.9 | CH43: 18.9 | CI43: - | CJ43: - | CK43: 18.9 | CL43: 18.9 | CM43: - | CN43: - | CO43: 18.9 | CR43: 1.5 | CS43: 0 | CT43: 0 | CW43: 0 | CX43: 0 | DA43: 0 | DF43: 2500
F44: 1 | G44: =F44*10 -> 10 | H44: - | I44: 4 | J44: 4 | K44: =F44*8 -> 8 | L44: 8 | M44: 12 | N44: 12 | O44: - | P44: - | Q44: - | R44: - | S44: - | T44: - | U44: - | V44: - | W44: - | X44: - | Y44: - | Z44: - | AA44: - | AB44: - | AC44: - | AD44: - | AE44: - | AF44: - | AG44: - | AH44: - | AI44: - | AJ44: - | AK44: - | AL44: - | AM44: - | AN44: - | AO44: - | AP44: - | AQ44: - | AR44: - | AS44: - | AT44: - | AU44: - | AV44: - | AW44: - | AX44: - | AY44: - | AZ44: - | BA44: - | BB44: - | BC44: - | BD44: - | BE44: - | BF44: - | BG44: - | BH44: - | BI44: - | BJ44: - | BK44: - | BL44: - | BM44: - | BN44: - | BO44: - | BP44: - | BQ44: - | BR44: - | BS44: - | BT44: - | BU44: - | BV44: - | BW44: - | BX44: - | BY44: - | BZ44: - | CA44: - | CB44: - | CC44: - | CD44: - | CF44: 1.5 | CG44: 12.6 | CH44: 12.6 | CI44: - | CJ44: - | CK44: 12.6 | CL44: 12.6 | CM44: - | CN44: - | CO44: 12.6 | CR44: 2.5 | CS44: 0 | CT44: 0 | CW44: 0 | CX44: 0 | DA44: 0 | DF44: 3200
F45: 2 | G45: =F45*10 -> 20 | H45: - | I45: 8 | J45: 8 | K45: =F45*8 -> 16 | L45: 16 | M45: 24 | N45: 24 | O45: - | P45: - | Q45: - | R45: - | S45: - | T45: - | U45: - | V45: - | W45: - | X45: - | Y45: - | Z45: - | AA45: - | AB45: - | AC45: - | AD45: - | AE45: - | AF45: - | AG45: - | AH45: - | AI45: - | AJ45: - | AK45: - | AL45: - | AM45: - | AN45: - | AO45: - | AP45: - | AQ45: - | AR45: - | AS45: - | AT45: - | AU45: - | AV45: - | AW45: - | AX45: - | AY45: - | AZ45: - | BA45: - | BB45: - | BC45: - | BD45: - | BE45: - | BF45: - | BG45: - | BH45: - | BI45: - | BJ45: - | BK45: - | BL45: - | BM45: - | BN45: - | BO45: - | BP45: - | BQ45: - | BR45: - | BS45: - | BT45: - | BU45: - | BV45: - | BW45: - | BX45: - | BY45: - | BZ45: - | CA45: - | CB45: - | CC45: - | CD45: - | CF45: 2.5 | CG45: 7.55 | CH45: 7.55 | CI45: 12,6 | CJ45: 12,6 | CK45: 7.55 | CL45: 7.55 | CM45: 12,6 | CN45: 12,6 | CO45: 7.55 | CR45: 4 | CS45: 0.095 | CT45: 0.095 | CW45: 0.095 | CX45: 0.095 | DA45: 0.095 | DF45: 4000
F46: 3 | G46: =F46*10 -> 30 | H46: - | I46: 12 | J46: 12 | K46: =F46*8 -> 24 | L46: 24 | M46: 36 | N46: 36 | O46: - | P46: - | Q46: - | R46: - | S46: - | T46: - | U46: - | V46: - | W46: - | X46: - | Y46: - | Z46: - | AA46: - | AB46: - | AC46: - | AD46: - | AE46: - | AF46: - | AG46: - | AH46: - | AI46: - | AJ46: - | AK46: - | AL46: - | AM46: - | AN46: - | AO46: - | AP46: - | AQ46: - | AR46: - | AS46: - | AT46: - | AU46: - | AV46: - | AW46: - | AX46: - | AY46: - | AZ46: - | BA46: - | BB46: - | BC46: - | BD46: - | BE46: - | BF46: - | BG46: - | BH46: - | BI46: - | BJ46: - | BK46: - | BL46: - | BM46: - | BN46: - | BO46: - | BP46: - | BQ46: - | BR46: - | BS46: - | BT46: - | BU46: - | BV46: - | BW46: - | BX46: - | BY46: - | BZ46: - | CA46: - | CB46: - | CC46: - | CD46: - | CF46: 4 | CG46: 4.69 | CH46: 4.69 | CI46: 7,90 | CJ46: 7,90 | CK46: 4.69 | CL46: 4.69 | CM46: 7,90 | CN46: 7,90 | CO46: 4.69 | CR46: 6 | CS46: 0.09 | CT46: 0.09 | CW46: 0.09 | CX46: 0.09 | DA46: 0.09
F47: 4 | G47: =F47*10 -> 40 | H47: - | I47: 16 | J47: 16 | K47: =F47*8 -> 32 | L47: 32 | M47: 48 | N47: 48 | O47: - | P47: - | Q47: - | R47: - | S47: - | T47: - | U47: - | V47: - | W47: - | X47: - | Y47: - | Z47: - | AA47: - | AB47: - | AC47: - | AD47: - | AE47: - | AF47: - | AG47: - | AH47: - | AI47: - | AJ47: - | AK47: - | AL47: - | AM47: - | AN47: - | AO47: - | AP47: - | AQ47: - | AR47: - | AS47: - | AT47: - | AU47: - | AV47: - | AW47: - | AX47: - | AY47: - | AZ47: - | BA47: - | BB47: - | BC47: - | BD47: - | BE47: - | BF47: - | BG47: - | BH47: - | BI47: - | BJ47: - | BK47: - | BL47: - | BM47: - | BN47: - | BO47: - | BP47: - | BQ47: - | BR47: - | BS47: - | BT47: - | BU47: - | BV47: - | BW47: - | BX47: - | BY47: - | BZ47: - | CA47: - | CB47: - | CC47: - | CD47: - | CF47: 6 | CG47: 3.06 | CH47: 3.06 | CI47: 5,26 | CJ47: 5,26 | CK47: 3.06 | CL47: 3.06 | CM47: 5,26 | CN47: 5,26 | CO47: 3.06 | CR47: 10 | CS47: 0.073 | CT47: 0.073 | CW47: 0.073 | CX47: 0.073 | DA47: 0.073
F48: 6 | G48: =F48*10 -> 60 | H48: =F48*10 -> 60 | I48: 24 | J48: 24 | K48: =F48*8 -> 48 | L48: 48 | M48: 72 | N48: 72 | O48: - | P48: - | Q48: - | R48: - | S48: - | T48: - | U48: - | V48: - | W48: - | X48: - | Y48: - | Z48: - | AA48: - | AB48: - | AC48: - | AD48: - | AE48: - | AF48: - | AG48: - | AH48: - | AI48: - | AJ48: - | AK48: - | AL48: - | AM48: - | AN48: - | AO48: - | AP48: - | AQ48: - | AR48: - | AS48: - | AT48: - | AU48: - | AV48: - | AW48: - | AX48: - | AY48: - | AZ48: - | BA48: - | BB48: - | BC48: - | BD48: - | BE48: - | BF48: - | BG48: - | BH48: - | BI48: - | BJ48: - | BK48: - | BL48: - | BM48: - | BN48: - | BO48: - | BP48: - | BQ48: - | BR48: - | BS48: - | BT48: - | BU48: - | BV48: - | BW48: - | BX48: - | BY48: - | BZ48: - | CA48: - | CB48: - | CC48: - | CD48: - | CF48: 10 | CG48: 1.84 | CH48: 1.84 | CI48: 3,16 | CJ48: 3,16 | CK48: 1.84 | CL48: 1.84 | CM48: 3,16 | CN48: 3,16 | CO48: 1.84 | CR48: 16 | CS48: 0.0675 | CT48: 0.0675 | CW48: 0.0675 | CX48: 0.0675 | DA48: 0.0675
F49: 10 | G49: =F49*10 -> 100 | H49: =F49*10 -> 100 | I49: 40 | J49: 40 | K49: =F49*8 -> 80 | L49: 80 | M49: 120 | N49: 120 | O49: - | P49: - | Q49: - | R49: - | S49: - | T49: - | U49: - | V49: - | W49: - | X49: - | Y49: - | Z49: - | AA49: - | AB49: - | AC49: - | AD49: - | AE49: - | AF49: - | AG49: - | AH49: - | AI49: - | AJ49: - | AK49: - | AL49: - | AM49: - | AN49: - | AO49: - | AP49: - | AQ49: - | AR49: - | AS49: - | AT49: - | AU49: - | AV49: - | AW49: - | AX49: - | AY49: - | AZ49: - | BA49: - | BB49: - | BC49: - | BD49: - | BE49: - | BF49: - | BG49: - | BH49: - | BI49: - | BJ49: - | BK49: - | BL49: - | BM49: - | BN49: - | BO49: - | BP49: - | BQ49: - | BR49: - | BS49: - | BT49: - | BU49: - | BV49: - | BW49: - | BX49: - | BY49: - | BZ49: - | CA49: - | CB49: - | CC49: - | CD49: - | CF49: 16 | CG49: 1.2 | CH49: 1.2 | CI49: 1,98 | CJ49: 1,98 | CK49: 1.2 | CL49: 1.2 | CM49: 1,98 | CN49: 1,98 | CO49: 1.2 | CR49: 25 | CS49: 0.0662 | CT49: 0.0662 | CW49: 0.0662 | CX49: 0.0662 | DA49: 0.0662
F50: 13 | G50: =F50*10 -> 130 | H50: - | I50: 52 | J50: 52 | K50: =F50*8 -> 104 | L50: 104 | M50: 156 | N50: 156 | O50: - | P50: - | Q50: - | R50: - | S50: - | T50: - | U50: - | V50: - | W50: - | X50: - | Y50: - | Z50: - | AA50: - | AB50: - | AC50: - | AD50: - | AE50: - | AF50: - | AG50: - | AH50: - | AI50: - | AJ50: - | AK50: - | AL50: - | AM50: - | AN50: - | AO50: - | AP50: - | AQ50: - | AR50: - | AS50: - | AT50: - | AU50: - | AV50: - | AW50: - | AX50: - | AY50: - | AZ50: - | BA50: - | BB50: - | BC50: - | BD50: - | BE50: - | BF50: - | BG50: - | BH50: - | BI50: - | BJ50: - | BK50: - | BL50: - | BM50: - | BN50: - | BO50: - | BP50: - | BQ50: - | BR50: - | BS50: - | BT50: - | BU50: - | BV50: - | BW50: - | BX50: - | BY50: - | BZ50: - | CA50: - | CB50: - | CC50: - | CD50: - | CF50: 25 | CG50: 0.74 | CH50: 0.74 | CI50: 1,28 | CJ50: 1,28 | CK50: 0.74 | CL50: 0.74 | CM50: 1,28 | CN50: 1,28 | CO50: 0.74 | CR50: 35 | CS50: 0.0637 | CT50: 0.0637 | CW50: 0.0637 | CX50: 0.0637 | DA50: 0.0637
F51: 15 | G51: - | H51: - | I51: - | J51: - | K51: - | L51: - | M51: - | N51: - | O51: =$F51*10 -> 150 | P51: =$F51*10 -> 150 | Q51: =$F51*10 -> 150 | R51: =$F51*10 -> 150 | S51: - | T51: - | U51: - | V51: - | W51: - | X51: - | Y51: - | Z51: - | AA51: - | AB51: - | AC51: - | AD51: - | AE51: - | AF51: - | AG51: - | AH51: - | AI51: - | AJ51: - | AK51: - | AL51: - | AM51: - | AN51: - | AO51: - | AP51: - | AQ51: - | AR51: - | AS51: - | AT51: - | AU51: - | AV51: - | AW51: - | AX51: - | AY51: - | AZ51: - | BA51: - | BB51: - | BC51: - | BD51: - | BE51: - | BF51: - | BG51: - | BH51: - | BI51: - | BJ51: - | BK51: - | BL51: - | BM51: - | BN51: - | BO51: - | BP51: - | BQ51: - | BR51: - | BS51: - | BT51: - | BU51: - | BV51: - | BW51: - | BX51: - | BY51: - | BZ51: - | CA51: - | CB51: - | CC51: - | CD51: - | CF51: 35 | CG51: 0.54 | CH51: 0.54 | CI51: 0,92 | CJ51: 0,92 | CK51: 0.54 | CL51: 0.54 | CM51: 0,92 | CN51: 0,92 | CO51: 0.54 | CR51: 50 | CS51: 0.0625 | CT51: 0.0625 | CW51: 0.0625 | CX51: 0.0625 | DA51: 0.0625
F52: 16 | G52: =F52*10 -> 160 | H52: =F52*10 -> 160 | I52: 64 | J52: 64 | K52: =F52*8 -> 128 | L52: 128 | M52: 192 | N52: 192 | O52: =$F52*10 -> 160 | P52: =$F52*10 -> 160 | Q52: =$F52*10 -> 160 | R52: =$F52*10 -> 160 | S52: - | T52: - | U52: - | V52: - | W52: - | X52: - | Y52: - | Z52: 190 | AA52: 190 | AB52: 190 | AC52: - | AD52: - | AE52: - | AF52: - | AG52: - | AH52: - | AI52: - | AJ52: - | AK52: - | AL52: - | AM52: - | AN52: - | AO52: - | AP52: - | AQ52: - | AR52: - | AS52: - | AT52: - | AU52: - | AV52: - | AW52: - | AX52: - | AY52: - | AZ52: - | BA52: - | BB52: - | BC52: - | BD52: - | BE52: - | BF52: - | BG52: - | BH52: - | BI52: - | BJ52: - | BK52: - | BL52: - | BM52: - | BN52: - | BO52: - | BP52: - | BQ52: - | BR52: - | BS52: - | BT52: - | BU52: - | BV52: - | BW52: - | BX52: - | BY52: - | BZ52: - | CA52: - | CB52: - | CC52: - | CD52: - | CF52: 50 | CG52: 0.39 | CH52: 0.39 | CI52: 0,64 | CJ52: 0,64 | CK52: 0.39 | CL52: 0.39 | CM52: 0,64 | CN52: 0,64 | CO52: 0.39 | CR52: 70 | CS52: 0.0612 | CT52: 0.0612 | CW52: 0.0612 | CX52: 0.0612 | DA52: 0.0612
F53: 20 | G53: =F53*10 -> 200 | H53: =F53*10 -> 200 | I53: 80 | J53: 80 | K53: =F53*8 -> 160 | L53: 160 | M53: 240 | N53: 240 | O53: =$F53*10 -> 200 | P53: =$F53*10 -> 200 | Q53: =$F53*10 -> 200 | R53: =$F53*10 -> 200 | S53: - | T53: - | U53: - | V53: - | W53: - | X53: - | Y53: - | Z53: - | AA53: - | AB53: - | AC53: - | AD53: - | AE53: - | AF53: - | AG53: - | AH53: - | AI53: - | AJ53: - | AK53: - | AL53: - | AM53: - | AN53: - | AO53: - | AP53: - | AQ53: - | AR53: - | AS53: - | AT53: - | AU53: - | AV53: - | AW53: - | AX53: - | AY53: - | AZ53: - | BA53: - | BB53: - | BC53: - | BD53: - | BE53: - | BF53: - | BG53: - | BH53: - | BI53: - | BJ53: - | BK53: - | BL53: - | BM53: - | BN53: - | BO53: - | BP53: - | BQ53: - | BR53: - | BS53: - | BT53: - | BU53: - | BV53: - | BW53: - | BX53: - | BY53: - | BZ53: - | CA53: - | CB53: - | CC53: - | CD53: - | CF53: 70 | CG53: 0.28 | CH53: 0.28 | CI53: 0.46 | CJ53: 0.46 | CK53: 0.28 | CL53: 0.28 | CM53: 0.46 | CN53: 0.46 | CO53: 0.28 | CR53: 95 | CS53: 0.0602 | CT53: 0.0602 | CW53: 0.0602 | CX53: 0.0602 | DA53: 0.0602
F54: 25 | G54: =F54*10 -> 250 | H54: =F54*10 -> 250 | I54: 100 | J54: 100 | K54: =F54*8 -> 200 | L54: 200 | M54: 300 | N54: 300 | O54: =$F54*10 -> 250 | P54: =$F54*10 -> 250 | Q54: =$F54*10 -> 250 | R54: =$F54*10 -> 250 | S54: - | T54: - | U54: - | V54: - | W54: - | X54: - | Y54: - | Z54: 300 | AA54: 300 | AB54: 300 | AC54: - | AD54: - | AE54: - | AF54: - | AG54: - | AH54: - | AI54: - | AJ54: - | AK54: - | AL54: - | AM54: - | AN54: - | AO54: - | AP54: - | AQ54: - | AR54: - | AS54: - | AT54: - | AU54: - | AV54: - | AW54: - | AX54: - | AY54: - | AZ54: - | BA54: - | BB54: - | BC54: - | BD54: - | BE54: - | BF54: - | BG54: - | BH54: - | BI54: - | BJ54: - | BK54: - | BL54: - | BM54: - | BN54: - | BO54: - | BP54: - | BQ54: - | BR54: - | BS54: - | BT54: - | BU54: - | BV54: - | BW54: - | BX54: - | BY54: - | BZ54: - | CA54: - | CB54: - | CC54: - | CD54: - | CF54: 95 | CG54: 0.2 | CH54: 0.2 | CI54: 0,34 | CJ54: 0,34 | CK54: 0.2 | CL54: 0.2 | CM54: 0,34 | CN54: 0,34 | CO54: 0.2 | CR54: 120 | CS54: 0.0602 | CT54: 0.0602 | CW54: 0.0602 | CX54: 0.0602 | DA54: 0.0602
F55: 30 | G55: - | H55: - | I55: - | J55: - | K55: - | L55: - | M55: - | N55: - | O55: =$F55*10 -> 300 | P55: =$F55*10 -> 300 | Q55: =$F55*10 -> 300 | R55: =$F55*10 -> 300 | S55: - | T55: - | U55: - | V55: - | W55: - | X55: - | Y55: - | Z55: - | AA55: - | AB55: - | AC55: - | AD55: - | AE55: - | AF55: - | AG55: - | AH55: - | AI55: - | AJ55: - | AK55: - | AL55: - | AM55: - | AN55: - | AO55: - | AP55: - | AQ55: - | AR55: - | AS55: - | AT55: - | AU55: - | AV55: - | AW55: - | AX55: - | AY55: - | AZ55: - | BA55: - | BB55: - | BC55: - | BD55: - | BE55: - | BF55: - | BG55: - | BH55: - | BI55: - | BJ55: - | BK55: - | BL55: - | BM55: - | BN55: - | BO55: - | BP55: - | BQ55: - | BR55: - | BS55: - | BT55: - | BU55: - | BV55: - | BW55: - | BX55: - | BY55: - | BZ55: - | CA55: - | CB55: - | CC55: - | CD55: - | CF55: 120 | CG55: 0.158 | CH55: 0.158 | CI55: 0,27 | CJ55: 0,27 | CK55: 0.158 | CL55: 0.158 | CM55: 0,27 | CN55: 0,27 | CO55: 0.158 | CR55: 150 | CS55: 0.0596 | CT55: 0.0596 | CW55: 0.0596 | CX55: 0.0596 | DA55: 0.0596
F56: 32 | G56: =F56*10 -> 320 | H56: =F56*10 -> 320 | I56: 128 | J56: 128 | K56: =F56*8 -> 256 | L56: 256 | M56: 384 | N56: 384 | O56: =$F56*10 -> 320 | P56: =$F56*10 -> 320 | Q56: =$F56*10 -> 320 | R56: =$F56*10 -> 320 | S56: - | T56: - | U56: - | V56: - | W56: - | X56: - | Y56: - | Z56: 400 | AA56: 400 | AB56: 400 | AC56: - | AD56: - | AE56: - | AF56: - | AG56: - | AH56: - | AI56: - | AJ56: - | AK56: - | AL56: - | AM56: - | AN56: - | AO56: - | AP56: - | AQ56: - | AR56: - | AS56: - | AT56: - | AU56: - | AV56: - | AW56: - | AX56: - | AY56: - | AZ56: - | BA56: - | BB56: - | BC56: - | BD56: - | BE56: - | BF56: - | BG56: - | BH56: - | BI56: - | BJ56: - | BK56: - | BL56: - | BM56: - | BN56: - | BO56: - | BP56: - | BQ56: - | BR56: - | BS56: - | BT56: - | BU56: - | BV56: - | BW56: - | BX56: - | BY56: - | BZ56: - | CA56: - | CB56: - | CC56: - | CD56: - | CF56: 150 | CG56: 0.123 | CH56: 0.123 | CI56: 0,21 | CJ56: 0,21 | CK56: 0.123 | CL56: 0.123 | CM56: 0,21 | CN56: 0,21 | CO56: 0.123 | CR56: 185 | CS56: 0.0596 | CT56: 0.0596 | CW56: 0.0596 | CX56: 0.0596 | DA56: 0.0596
F57: 40 | G57: =F57*10 -> 400 | H57: - | I57: 160 | J57: 160 | K57: =F57*8 -> 320 | L57: 320 | M57: 480 | N57: 480 | O57: =$F57*10 -> 400 | P57: =$F57*10 -> 400 | Q57: =$F57*10 -> 400 | R57: =$F57*10 -> 400 | S57: - | T57: - | U57: - | V57: - | W57: - | X57: - | Y57: - | Z57: 500 | AA57: 500 | AB57: 500 | AC57: - | AD57: - | AE57: - | AF57: - | AG57: - | AH57: - | AI57: - | AJ57: - | AK57: - | AL57: - | AM57: р | AN57: р | AO57: р | AP57: р | AQ57: р | AR57: р | AS57: р | AT57: р | AU57: р | AV57: р | AW57: р | AX57: р | AY57: р | AZ57: р | BA57: р | BB57: р | BC57: р | BD57: р | BE57: - | BF57: - | BG57: - | BH57: - | BI57: - | BJ57: - | BK57: - | BL57: - | BM57: - | BN57: - | BO57: - | BP57: - | BQ57: - | BR57: - | BS57: - | BT57: - | BU57: - | BV57: - | BW57: - | BX57: - | BY57: - | BZ57: - | CA57: - | CB57: - | CC57: - | CD57: - | CF57: 185 | CG57: 0.103 | CH57: 0.103 | CI57: 0.17 | CJ57: 0.17 | CK57: 0.103 | CL57: 0.103 | CM57: 0.17 | CN57: 0.17 | CO57: 0.103 | CR57: 240 | CS57: 0.0587 | CT57: 0.0587 | CW57: 0.0587 | CX57: 0.0587 | DA57: 0.0587
F58: 45 | G58: - | H58: - | I58: - | J58: - | K58: - | L58: - | M58: - | N58: - | O58: =$F58*10 -> 450 | P58: =$F58*10 -> 450 | Q58: =$F58*10 -> 450 | R58: =$F58*10 -> 450 | S58: - | T58: - | U58: - | V58: - | W58: - | X58: - | Y58: - | Z58: - | AA58: - | AB58: - | AC58: - | AD58: - | AE58: - | AF58: - | AG58: - | AH58: - | AI58: - | AJ58: - | AK58: - | AL58: - | AM58: - | AN58: - | AO58: - | AP58: - | AQ58: - | AR58: - | AS58: - | AT58: - | AU58: - | AV58: - | AW58: - | AX58: - | AY58: - | AZ58: - | BA58: - | BB58: - | BC58: - | BD58: - | BE58: - | BF58: - | BG58: - | BH58: - | BI58: - | BJ58: - | BK58: - | BL58: - | BM58: - | BN58: - | BO58: - | BP58: - | BQ58: - | BR58: - | BS58: - | BT58: - | BU58: - | BV58: - | BW58: - | BX58: - | BY58: - | BZ58: - | CA58: - | CB58: - | CC58: - | CD58: - | CF58: 240 | CG58: 0.078 | CH58: 0.078 | CI58: 0,132 | CJ58: 0,132 | CK58: 0.078 | CL58: 0.078 | CM58: 0,132 | CN58: 0,132 | CO58: 0.078
F59: 50 | G59: =F59*10 -> 500 | H59: - | I59: 200 | J59: 200 | K59: =F59*8 -> 400 | L59: 400 | M59: 600 | N59: 600 | O59: =$F59*10 -> 500 | P59: =$F59*10 -> 500 | Q59: =$F59*10 -> 500 | R59: =$F59*10 -> 500 | S59: - | T59: - | U59: - | V59: - | W59: - | X59: - | Y59: - | Z59: 500 | AA59: 500 | AB59: 500 | AC59: - | AD59: - | AE59: - | AF59: - | AG59: - | AH59: - | AI59: - | AJ59: - | AK59: - | AL59: - | AM59: - | AN59: - | AO59: - | AP59: - | AQ59: - | AR59: - | AS59: - | AT59: - | AU59: - | AV59: - | AW59: - | AX59: - | AY59: - | AZ59: - | BA59: - | BB59: - | BC59: - | BD59: - | BE59: - | BF59: - | BG59: - | BH59: - | BI59: - | BJ59: - | BK59: - | BL59: - | BM59: - | BN59: - | BO59: - | BP59: - | BQ59: - | BR59: - | BS59: - | BT59: - | BU59: - | BV59: - | BW59: - | BX59: - | BY59: - | BZ59: - | CA59: - | CB59: - | CC59: - | CD59: - | CF59: 300 | CG59: 0.062 | CH59: 0.062 | CI59: 0,106 | CJ59: 0,106 | CK59: 0.062 | CL59: 0.062 | CM59: 0,106 | CN59: 0,106 | CO59: 0.062
F60: 60 | G60: - | H60: - | I60: - | J60: - | K60: - | L60: - | M60: - | N60: - | O60: =$F60*10 -> 600 | P60: =$F60*10 -> 600 | Q60: =$F60*10 -> 600 | R60: =$F60*10 -> 600 | S60: - | T60: - | U60: - | V60: - | W60: - | X60: - | Y60: - | Z60: - | AA60: - | AB60: - | AC60: - | AD60: - | AE60: - | AF60: - | AG60: - | AH60: - | AI60: - | AJ60: - | AK60: - | AL60: - | AM60: - | AN60: - | AO60: - | AP60: - | AQ60: - | AR60: - | AS60: - | AT60: - | AU60: - | AV60: - | AW60: - | AX60: - | AY60: - | AZ60: - | BA60: - | BB60: - | BC60: - | BD60: - | BE60: - | BF60: - | BG60: - | BH60: - | BI60: - | BJ60: - | BK60: - | BL60: - | BM60: - | BN60: - | BO60: - | BP60: - | BQ60: - | BR60: - | BS60: - | BT60: - | BU60: - | BV60: - | BW60: - | BX60: - | BY60: - | BZ60: - | CA60: - | CB60: - | CC60: - | CD60: - | CF60: 400 | CG60: 0.047 | CH60: 0.047 | CI60: 0.08 | CJ60: 0.08 | CK60: 0.047 | CL60: 0.047 | CM60: 0.08 | CN60: 0.08 | CO60: 0.047
F61: 63 | G61: =F61*10 -> 630 | H61: - | I61: 252 | J61: 252 | K61: =F61*8 -> 504 | L61: 504 | M61: 756 | N61: 756 | O61: =$F61*10 -> 630 | P61: =$F61*10 -> 630 | Q61: =$F61*10 -> 630 | R61: =$F61*10 -> 630 | S61: - | T61: - | U61: - | V61: - | W61: - | X61: - | Y61: - | Z61: 500 | AA61: 500 | AB61: 500 | AC61: - | AD61: - | AE61: - | AF61: - | AG61: - | AH61: - | AI61: - | AJ61: - | AK61: - | AL61: - | AM61: - | AN61: - | AO61: - | AP61: - | AQ61: - | AR61: - | AS61: - | AT61: - | AU61: - | AV61: - | AW61: - | AX61: - | AY61: - | AZ61: - | BA61: - | BB61: - | BC61: - | BD61: - | BE61: - | BF61: - | BG61: - | BH61: - | BI61: - | BJ61: - | BK61: - | BL61: - | BM61: - | BN61: - | BO61: - | BP61: - | BQ61: - | BR61: - | BS61: - | BT61: - | BU61: - | BV61: - | BW61: - | BX61: - | BY61: - | BZ61: - | CA61: - | CB61: - | CC61: - | CD61: -
F62: 75 | G62: - | H62: - | I62: - | J62: - | K62: - | L62: - | M62: - | N62: - | O62: =$F62*10 -> 750 | P62: =$F62*10 -> 750 | Q62: =$F62*10 -> 750 | R62: =$F62*10 -> 750 | S62: - | T62: - | U62: - | V62: - | W62: - | X62: - | Y62: - | Z62: - | AA62: - | AB62: - | AC62: - | AD62: - | AE62: - | AF62: - | AG62: - | AH62: - | AI62: - | AJ62: - | AK62: - | AL62: - | AM62: - | AN62: - | AO62: - | AP62: - | AQ62: - | AR62: - | AS62: - | AT62: - | AU62: - | AV62: - | AW62: - | AX62: - | AY62: - | AZ62: - | BA62: - | BB62: - | BC62: - | BD62: - | BE62: - | BF62: - | BG62: - | BH62: - | BI62: - | BJ62: - | BK62: - | BL62: - | BM62: - | BN62: - | BO62: - | BP62: - | BQ62: - | BR62: - | BS62: - | BT62: - | BU62: - | BV62: - | BW62: - | BX62: - | BY62: - | BZ62: - | CA62: - | CB62: - | CC62: - | CD62: -
F63: 80 | G63: - | H63: - | I63: - | J63: - | K63: - | L63: - | M63: - | N63: - | O63: =$F63*10 -> 800 | P63: =$F63*10 -> 800 | Q63: =$F63*10 -> 800 | R63: =$F63*10 -> 800 | S63: - | T63: - | U63: - | V63: - | W63: - | X63: - | Y63: - | Z63: 640 | AA63: 640 | AB63: 640 | AC63: - | AD63: - | AE63: - | AF63: - | AG63: - | AH63: - | AI63: - | AJ63: - | AK63: - | AL63: - | AM63: - | AN63: - | AO63: - | AP63: - | AQ63: - | AR63: - | AS63: - | AT63: - | AU63: - | AV63: - | AW63: - | AX63: - | AY63: - | AZ63: - | BA63: - | BB63: - | BC63: - | BD63: - | BE63: - | BF63: - | BG63: - | BH63: - | BI63: - | BJ63: - | BK63: - | BL63: - | BM63: - | BN63: - | BO63: - | BP63: - | BQ63: - | BR63: - | BS63: - | BT63: - | BU63: - | BV63: - | BW63: - | BX63: - | BY63: - | BZ63: - | CA63: - | CB63: - | CC63: - | CD63: -
F64: 100 | G64: - | H64: - | I64: - | J64: - | K64: - | L64: - | M64: - | N64: - | O64: =$F64*10 -> 1000 | P64: =$F64*10 -> 1000 | Q64: =$F64*10 -> 1000 | R64: =$F64*10 -> 1000 | S64: =$F64*10 -> 1000 | T64: =$F64*10 -> 1000 | U64: =$F64*10 -> 1000 | V64: - | W64: - | X64: - | Y64: - | Z64: 800 | AA64: 800 | AB64: 800 | AC64: 800 | AD64: 800 | AE64: 800 | AF64: - | AG64: - | AH64: - | AI64: - | AJ64: - | AK64: - | AL64: - | AM64: р | AN64: р | AO64: р | AP64: р | AQ64: р | AR64: р | AS64: р | AT64: р | AU64: р | AV64: р | AW64: р | AX64: р | AY64: р | AZ64: р | BA64: р | BB64: р | BC64: р | BD64: р | BE64: - | BF64: - | BG64: - | BH64: - | BI64: - | BJ64: - | BK64: - | BL64: - | BM64: - | BN64: - | BO64: - | BP64: - | BQ64: - | BR64: - | BS64: - | BT64: - | BU64: - | BV64: - | BW64: - | BX64: - | BY64: - | BZ64: - | CA64: - | CB64: - | CC64: - | CD64: -
F65: 125 | G65: - | H65: - | I65: - | J65: - | K65: - | L65: - | M65: - | N65: - | O65: - | P65: - | Q65: - | R65: - | S65: =$F65*10 -> 1250 | T65: =$F65*10 -> 1250 | U65: =$F65*10 -> 1250 | V65: - | W65: - | X65: - | Y65: - | Z65: - | AA65: - | AB65: - | AC65: 1250 | AD65: 1250 | AE65: 1250 | AF65: - | AG65: - | AH65: - | AI65: - | AJ65: - | AK65: - | AL65: - | AM65: - | AN65: - | AO65: - | AP65: - | AQ65: - | AR65: - | AS65: - | AT65: - | AU65: - | AV65: - | AW65: - | AX65: - | AY65: - | AZ65: - | BA65: - | BB65: - | BC65: - | BD65: - | BE65: - | BF65: - | BG65: - | BH65: - | BI65: - | BJ65: - | BK65: - | BL65: - | BM65: - | BN65: - | BO65: - | BP65: - | BQ65: - | BR65: - | BS65: - | BT65: - | BU65: - | BV65: - | BW65: - | BX65: - | BY65: - | BZ65: - | CA65: - | CB65: - | CC65: - | CD65: -
F66: 150 | G66: - | H66: - | I66: - | J66: - | K66: - | L66: - | M66: - | N66: - | O66: - | P66: - | Q66: - | R66: - | S66: =$F66*10 -> 1500 | T66: =$F66*10 -> 1500 | U66: =$F66*10 -> 1500 | V66: - | W66: - | X66: - | Y66: - | Z66: - | AA66: - | AB66: - | AC66: - | AD66: - | AE66: - | AF66: - | AG66: - | AH66: - | AI66: - | AJ66: - | AK66: - | AL66: - | AM66: - | AN66: - | AO66: - | AP66: - | AQ66: - | AR66: - | AS66: - | AT66: - | AU66: - | AV66: - | AW66: - | AX66: - | AY66: - | AZ66: - | BA66: - | BB66: - | BC66: - | BD66: - | BE66: - | BF66: - | BG66: - | BH66: - | BI66: - | BJ66: - | BK66: - | BL66: - | BM66: - | BN66: - | BO66: - | BP66: - | BQ66: - | BR66: - | BS66: - | BT66: - | BU66: - | BV66: - | BW66: - | BX66: - | BY66: - | BZ66: - | CA66: - | CB66: - | CC66: - | CD66: -
F67: 160 | G67: - | H67: - | I67: - | J67: - | K67: - | L67: - | M67: - | N67: - | O67: - | P67: - | Q67: - | R67: - | S67: =$F67*10 -> 1600 | T67: =$F67*10 -> 1600 | U67: =$F67*10 -> 1600 | V67: - | W67: - | X67: - | Y67: - | Z67: - | AA67: - | AB67: - | AC67: 1250 | AD67: 1250 | AE67: 1250 | AF67: 1250 | AG67: 1250 | AH67: 1250 | AI67: - | AJ67: - | AK67: - | AL67: - | AM67: - | AN67: - | AO67: - | AP67: - | AQ67: - | AR67: - | AS67: р | AT67: р | AU67: р | AV67: р | AW67: р | AX67: р | AY67: р | AZ67: р | BA67: р | BB67: р | BC67: р | BD67: р | BE67: - | BF67: - | BG67: - | BH67: - | BI67: - | BJ67: - | BK67: - | BL67: - | BM67: - | BN67: - | BO67: - | BP67: - | BQ67: - | BR67: - | BS67: - | BT67: - | BU67: - | BV67: - | BW67: - | BX67: - | BY67: - | BZ67: - | CA67: - | CB67: - | CC67: - | CD67: -
F68: 175 | G68: - | H68: - | I68: - | J68: - | K68: - | L68: - | M68: - | N68: - | O68: - | P68: - | Q68: - | R68: - | S68: =$F68*10 -> 1750 | T68: =$F68*10 -> 1750 | U68: =$F68*10 -> 1750 | V68: - | W68: - | X68: - | Y68: - | Z68: - | AA68: - | AB68: - | AC68: - | AD68: - | AE68: - | AF68: - | AG68: - | AH68: - | AI68: - | AJ68: - | AK68: - | AL68: - | AM68: - | AN68: - | AO68: - | AP68: - | AQ68: - | AR68: - | AS68: - | AT68: - | AU68: - | AV68: - | AW68: - | AX68: - | AY68: - | AZ68: - | BA68: - | BB68: - | BC68: - | BD68: - | BE68: - | BF68: - | BG68: - | BH68: - | BI68: - | BJ68: - | BK68: - | BL68: - | BM68: - | BN68: - | BO68: - | BP68: - | BQ68: - | BR68: - | BS68: - | BT68: - | BU68: - | BV68: - | BW68: - | BX68: - | BY68: - | BZ68: - | CA68: - | CB68: - | CC68: - | CD68: -
F69: 200 | G69: - | H69: - | I69: - | J69: - | K69: - | L69: - | M69: - | N69: - | O69: - | P69: - | Q69: - | R69: - | S69: =$F69*10 -> 2000 | T69: =$F69*10 -> 2000 | U69: =$F69*10 -> 2000 | V69: - | W69: - | X69: - | Y69: - | Z69: - | AA69: - | AB69: - | AC69: - | AD69: - | AE69: - | AF69: 2000 | AG69: 2000 | AH69: 2000 | AI69: - | AJ69: - | AK69: - | AL69: - | AM69: - | AN69: - | AO69: - | AP69: - | AQ69: - | AR69: - | AS69: - | AT69: - | AU69: - | AV69: - | AW69: - | AX69: - | AY69: - | AZ69: - | BA69: - | BB69: - | BC69: - | BD69: - | BE69: - | BF69: - | BG69: - | BH69: - | BI69: - | BJ69: - | BK69: - | BL69: - | BM69: - | BN69: - | BO69: - | BP69: - | BQ69: - | BR69: - | BS69: - | BT69: - | BU69: - | BV69: - | BW69: - | BX69: - | BY69: - | BZ69: - | CA69: - | CB69: - | CC69: - | CD69: -
F70: 225 | G70: - | H70: - | I70: - | J70: - | K70: - | L70: - | M70: - | N70: - | O70: - | P70: - | Q70: - | R70: - | S70: =$F70*10 -> 2250 | T70: =$F70*10 -> 2250 | U70: =$F70*10 -> 2250 | V70: - | W70: - | X70: - | Y70: - | Z70: - | AA70: - | AB70: - | AC70: - | AD70: - | AE70: - | AF70: - | AG70: - | AH70: - | AI70: - | AJ70: - | AK70: - | AL70: - | AM70: - | AN70: - | AO70: - | AP70: - | AQ70: - | AR70: - | AS70: - | AT70: - | AU70: - | AV70: - | AW70: - | AX70: - | AY70: - | AZ70: - | BA70: - | BB70: - | BC70: - | BD70: - | BE70: - | BF70: - | BG70: - | BH70: - | BI70: - | BJ70: - | BK70: - | BL70: - | BM70: - | BN70: - | BO70: - | BP70: - | BQ70: - | BR70: - | BS70: - | BT70: - | BU70: - | BV70: - | BW70: - | BX70: - | BY70: - | BZ70: - | CA70: - | CB70: - | CC70: - | CD70: -
F71: 250 | G71: - | H71: - | I71: - | J71: - | K71: - | L71: - | M71: - | N71: - | O71: - | P71: - | Q71: - | R71: - | S71: =$F71*10 -> 2500 | T71: =$F71*10 -> 2500 | U71: =$F71*10 -> 2500 | V71: - | W71: - | X71: - | Y71: - | Z71: - | AA71: - | AB71: - | AC71: - | AD71: - | AE71: - | AF71: 2500 | AG71: 2500 | AH71: 2500 | AI71: - | AJ71: - | AK71: - | AL71: - | AM71: - | AN71: - | AO71: - | AP71: - | AQ71: - | AR71: - | AS71: - | AT71: - | AU71: - | AV71: - | AW71: - | AX71: - | AY71: р | AZ71: р | BA71: р | BB71: р | BC71: р | BD71: р | BE71: - | BF71: - | BG71: - | BH71: - | BI71: - | BJ71: - | BK71: - | BL71: - | BM71: - | BN71: - | BO71: - | BP71: - | BQ71: - | BR71: - | BS71: - | BT71: - | BU71: - | BV71: - | BW71: - | BX71: - | BY71: - | BZ71: - | CA71: - | CB71: - | CC71: - | CD71: -
F72: 320 | G72: - | H72: - | I72: - | J72: - | K72: - | L72: - | M72: - | N72: - | O72: - | P72: - | Q72: - | R72: - | S72: - | T72: - | U72: - | V72: =$F72*10 -> 3200 | W72: =$F72*10 -> 3200 | X72: - | Y72: - | Z72: - | AA72: - | AB72: - | AC72: - | AD72: - | AE72: - | AF72: - | AG72: - | AH72: - | AI72: р | AJ72: р | AK72: - | AL72: - | AM72: - | AN72: - | AO72: - | AP72: - | AQ72: - | AR72: - | AS72: - | AT72: - | AU72: - | AV72: - | AW72: - | AX72: - | AY72: - | AZ72: - | BA72: - | BB72: - | BC72: - | BD72: - | BE72: - | BF72: - | BG72: - | BH72: - | BI72: - | BJ72: - | BK72: - | BL72: - | BM72: - | BN72: - | BO72: - | BP72: - | BQ72: - | BR72: - | BS72: - | BT72: - | BU72: - | BV72: - | BW72: - | BX72: - | BY72: - | BZ72: - | CA72: - | CB72: - | CC72: - | CD72: -
F73: 350 | G73: - | H73: - | I73: - | J73: - | K73: - | L73: - | M73: - | N73: - | O73: - | P73: - | Q73: - | R73: - | S73: - | T73: - | U73: - | V73: =$F73*10 -> 3500 | W73: =$F73*10 -> 3500 | X73: - | Y73: - | Z73: - | AA73: - | AB73: - | AC73: - | AD73: - | AE73: - | AF73: - | AG73: - | AH73: - | AI73: - | AJ73: - | AK73: - | AL73: - | AM73: - | AN73: - | AO73: - | AP73: - | AQ73: - | AR73: - | AS73: - | AT73: - | AU73: - | AV73: - | AW73: - | AX73: - | AY73: - | AZ73: - | BA73: - | BB73: - | BC73: - | BD73: - | BE73: - | BF73: - | BG73: - | BH73: - | BI73: - | BJ73: - | BK73: - | BL73: - | BM73: - | BN73: - | BO73: - | BP73: - | BQ73: - | BR73: - | BS73: - | BT73: - | BU73: - | BV73: - | BW73: - | BX73: - | BY73: - | BZ73: - | CA73: - | CB73: - | CC73: - | CD73: -
F74: 400 | G74: - | H74: - | I74: - | J74: - | K74: - | L74: - | M74: - | N74: - | O74: - | P74: - | Q74: - | R74: - | S74: - | T74: - | U74: - | V74: =$F74*10 -> 4000 | W74: =$F74*10 -> 4000 | X74: =$F74*10 -> 4000 | Y74: =$F74*10 -> 4000 | Z74: - | AA74: - | AB74: - | AC74: - | AD74: - | AE74: - | AF74: - | AG74: - | AH74: - | AI74: р | AJ74: р | AK74: - | AL74: - | AM74: - | AN74: - | AO74: - | AP74: - | AQ74: - | AR74: - | AS74: - | AT74: - | AU74: - | AV74: - | AW74: - | AX74: - | AY74: - | AZ74: - | BA74: - | BB74: - | BC74: - | BD74: - | BE74: р | BF74: р | BG74: р | BH74: р | BI74: р | BJ74: р | BK74: р | BL74: р | BM74: р | BN74: р | BO74: - | BP74: - | BQ74: - | BR74: - | BS74: - | BT74: - | BU74: - | BV74: - | BW74: - | BX74: - | BY74: - | BZ74: - | CA74: - | CB74: - | CC74: - | CD74: -
F75: 500 | G75: - | H75: - | I75: - | J75: - | K75: - | L75: - | M75: - | N75: - | O75: - | P75: - | Q75: - | R75: - | S75: - | T75: - | U75: - | V75: - | W75: - | X75: =$F75*10 -> 5000 | Y75: =$F75*10 -> 5000 | Z75: - | AA75: - | AB75: - | AC75: - | AD75: - | AE75: - | AF75: - | AG75: - | AH75: - | AI75: - | AJ75: - | AK75: р | AL75: р | AM75: - | AN75: - | AO75: - | AP75: - | AQ75: - | AR75: - | AS75: - | AT75: - | AU75: - | AV75: - | AW75: - | AX75: - | AY75: - | AZ75: - | BA75: - | BB75: - | BC75: - | BD75: - | BE75: - | BF75: - | BG75: - | BH75: - | BI75: - | BJ75: - | BK75: - | BL75: - | BM75: - | BN75: - | BO75: - | BP75: - | BQ75: - | BR75: - | BS75: - | BT75: - | BU75: - | BV75: - | BW75: - | BX75: - | BY75: - | BZ75: - | CA75: - | CB75: - | CC75: - | CD75: -
F76: 600 | G76: - | H76: - | I76: - | J76: - | K76: - | L76: - | M76: - | N76: - | O76: - | P76: - | Q76: - | R76: - | S76: - | T76: - | U76: - | V76: - | W76: - | X76: =$F76*10 -> 6000 | Y76: =$F76*10 -> 6000 | Z76: - | AA76: - | AB76: - | AC76: - | AD76: - | AE76: - | AF76: - | AG76: - | AH76: - | AI76: - | AJ76: - | AK76: р | AL76: р | AM76: - | AN76: - | AO76: - | AP76: - | AQ76: - | AR76: - | AS76: - | AT76: - | AU76: - | AV76: - | AW76: - | AX76: - | AY76: - | AZ76: - | BA76: - | BB76: - | BC76: - | BD76: - | BE76: - | BF76: - | BG76: - | BH76: - | BI76: - | BJ76: - | BK76: - | BL76: - | BM76: - | BN76: - | BO76: - | BP76: - | BQ76: - | BR76: - | BS76: - | BT76: - | BU76: - | BV76: - | BW76: - | BX76: - | BY76: - | BZ76: - | CA76: - | CB76: - | CC76: - | CD76: -
F77: 630 | G77: - | H77: - | I77: - | J77: - | K77: - | L77: - | M77: - | N77: - | O77: - | P77: - | Q77: - | R77: - | S77: - | T77: - | U77: - | V77: - | W77: - | X77: - | Y77: - | Z77: - | AA77: - | AB77: - | AC77: - | AD77: - | AE77: - | AF77: - | AG77: - | AH77: - | AI77: - | AJ77: - | AK77: - | AL77: - | AM77: - | AN77: - | AO77: - | AP77: - | AQ77: - | AR77: - | AS77: - | AT77: - | AU77: - | AV77: - | AW77: - | AX77: - | AY77: - | AZ77: - | BA77: - | BB77: - | BC77: - | BD77: - | BE77: - | BF77: - | BG77: - | BH77: - | BI77: - | BJ77: р | BK77: р | BL77: р | BM77: р | BN77: р | BO77: - | BP77: - | BQ77: - | BR77: - | BS77: - | BT77: - | BU77: - | BV77: - | BW77: - | BX77: - | BY77: - | BZ77: - | CA77: - | CB77: - | CC77: - | CD77: -
F78: 800 | G78: - | H78: - | I78: - | J78: - | K78: - | L78: - | M78: - | N78: - | O78: - | P78: - | Q78: - | R78: - | S78: - | T78: - | U78: - | V78: - | W78: - | X78: - | Y78: - | Z78: - | AA78: - | AB78: - | AC78: - | AD78: - | AE78: - | AF78: - | AG78: - | AH78: - | AI78: - | AJ78: - | AK78: - | AL78: - | AM78: - | AN78: - | AO78: - | AP78: - | AQ78: - | AR78: - | AS78: - | AT78: - | AU78: - | AV78: - | AW78: - | AX78: - | AY78: - | AZ78: - | BA78: - | BB78: - | BC78: - | BD78: - | BE78: - | BF78: - | BG78: - | BH78: - | BI78: - | BJ78: - | BK78: - | BL78: - | BM78: - | BN78: - | BO78: р | BP78: р | BQ78: - | BR78: - | BS78: - | BT78: - | BU78: - | BV78: - | BW78: - | BX78: - | BY78: - | BZ78: - | CA78: - | CB78: - | CC78: - | CD78: -
F79: 1000 | G79: - | H79: - | I79: - | J79: - | K79: - | L79: - | M79: - | N79: - | O79: - | P79: - | Q79: - | R79: - | S79: - | T79: - | U79: - | V79: - | W79: - | X79: - | Y79: - | Z79: - | AA79: - | AB79: - | AC79: - | AD79: - | AE79: - | AF79: - | AG79: - | AH79: - | AI79: - | AJ79: - | AK79: - | AL79: - | AM79: - | AN79: - | AO79: - | AP79: - | AQ79: - | AR79: - | AS79: - | AT79: - | AU79: - | AV79: - | AW79: - | AX79: - | AY79: - | AZ79: - | BA79: - | BB79: - | BC79: - | BD79: - | BE79: - | BF79: - | BG79: - | BH79: - | BI79: - | BJ79: - | BK79: - | BL79: - | BM79: - | BN79: - | BO79: - | BP79: - | BQ79: р | BR79: р | BS79: - | BT79: - | BU79: - | BV79: - | BW79: - | BX79: - | BY79: - | BZ79: - | CA79: - | CB79: - | CC79: - | CD79: -
F80: 1250 | G80: - | H80: - | I80: - | J80: - | K80: - | L80: - | M80: - | N80: - | O80: - | P80: - | Q80: - | R80: - | S80: - | T80: - | U80: - | V80: - | W80: - | X80: - | Y80: - | Z80: - | AA80: - | AB80: - | AC80: - | AD80: - | AE80: - | AF80: - | AG80: - | AH80: - | AI80: - | AJ80: - | AK80: - | AL80: - | AM80: - | AN80: - | AO80: - | AP80: - | AQ80: - | AR80: - | AS80: - | AT80: - | AU80: - | AV80: - | AW80: - | AX80: - | AY80: - | AZ80: - | BA80: - | BB80: - | BC80: - | BD80: - | BE80: - | BF80: - | BG80: - | BH80: - | BI80: - | BJ80: - | BK80: - | BL80: - | BM80: - | BN80: - | BO80: - | BP80: - | BQ80: - | BR80: - | BS80: р | BT80: р | BU80: - | BV80: - | BW80: - | BX80: - | BY80: - | BZ80: - | CA80: - | CB80: - | CC80: - | CD80: -
F81: 1600 | G81: - | H81: - | I81: - | J81: - | K81: - | L81: - | M81: - | N81: - | O81: - | P81: - | Q81: - | R81: - | S81: - | T81: - | U81: - | V81: - | W81: - | X81: - | Y81: - | Z81: - | AA81: - | AB81: - | AC81: - | AD81: - | AE81: - | AF81: - | AG81: - | AH81: - | AI81: - | AJ81: - | AK81: - | AL81: - | AM81: - | AN81: - | AO81: - | AP81: - | AQ81: - | AR81: - | AS81: - | AT81: - | AU81: - | AV81: - | AW81: - | AX81: - | AY81: - | AZ81: - | BA81: - | BB81: - | BC81: - | BD81: - | BE81: - | BF81: - | BG81: - | BH81: - | BI81: - | BJ81: - | BK81: - | BL81: - | BM81: - | BN81: - | BO81: - | BP81: - | BQ81: - | BR81: - | BS81: - | BT81: - | BU81: р | BV81: р | BW81: - | BX81: - | BY81: - | BZ81: - | CA81: - | CB81: - | CC81: - | CD81: -
F82: 2000 | G82: - | H82: - | I82: - | J82: - | K82: - | L82: - | M82: - | N82: - | O82: - | P82: - | Q82: - | R82: - | S82: - | T82: - | U82: - | V82: - | W82: - | X82: - | Y82: - | Z82: - | AA82: - | AB82: - | AC82: - | AD82: - | AE82: - | AF82: - | AG82: - | AH82: - | AI82: - | AJ82: - | AK82: - | AL82: - | AM82: - | AN82: - | AO82: - | AP82: - | AQ82: - | AR82: - | AS82: - | AT82: - | AU82: - | AV82: - | AW82: - | AX82: - | AY82: - | AZ82: - | BA82: - | BB82: - | BC82: - | BD82: - | BE82: - | BF82: - | BG82: - | BH82: - | BI82: - | BJ82: - | BK82: - | BL82: - | BM82: - | BN82: - | BO82: - | BP82: - | BQ82: - | BR82: - | BS82: - | BT82: - | BU82: - | BV82: - | BW82: р | BX82: р | BY82: - | BZ82: - | CA82: - | CB82: - | CC82: - | CD82: -
F83: 2500 | G83: - | H83: - | I83: - | J83: - | K83: - | L83: - | M83: - | N83: - | O83: - | P83: - | Q83: - | R83: - | S83: - | T83: - | U83: - | V83: - | W83: - | X83: - | Y83: - | Z83: - | AA83: - | AB83: - | AC83: - | AD83: - | AE83: - | AF83: - | AG83: - | AH83: - | AI83: - | AJ83: - | AK83: - | AL83: - | AM83: - | AN83: - | AO83: - | AP83: - | AQ83: - | AR83: - | AS83: - | AT83: - | AU83: - | AV83: - | AW83: - | AX83: - | AY83: - | AZ83: - | BA83: - | BB83: - | BC83: - | BD83: - | BE83: - | BF83: - | BG83: - | BH83: - | BI83: - | BJ83: - | BK83: - | BL83: - | BM83: - | BN83: - | BO83: - | BP83: - | BQ83: - | BR83: - | BS83: - | BT83: - | BU83: - | BV83: - | BW83: - | BX83: - | BY83: р | BZ83: р | CA83: - | CB83: - | CC83: - | CD83: -
F84: 3200 | G84: - | H84: - | I84: - | J84: - | K84: - | L84: - | M84: - | N84: - | O84: - | P84: - | Q84: - | R84: - | S84: - | T84: - | U84: - | V84: - | W84: - | X84: - | Y84: - | Z84: - | AA84: - | AB84: - | AC84: - | AD84: - | AE84: - | AF84: - | AG84: - | AH84: - | AI84: - | AJ84: - | AK84: - | AL84: - | AM84: - | AN84: - | AO84: - | AP84: - | AQ84: - | AR84: - | AS84: - | AT84: - | AU84: - | AV84: - | AW84: - | AX84: - | AY84: - | AZ84: - | BA84: - | BB84: - | BC84: - | BD84: - | BE84: - | BF84: - | BG84: - | BH84: - | BI84: - | BJ84: - | BK84: - | BL84: - | BM84: - | BN84: - | BO84: - | BP84: - | BQ84: - | BR84: - | BS84: - | BT84: - | BU84: - | BV84: - | BW84: - | BX84: - | BY84: - | BZ84: - | CA84: р | CB84: р | CC84: - | CD84: -
F85: 4000 | G85: - | H85: - | I85: - | J85: - | K85: - | L85: - | M85: - | N85: - | O85: - | P85: - | Q85: - | R85: - | S85: - | T85: - | U85: - | V85: - | W85: - | X85: - | Y85: - | Z85: - | AA85: - | AB85: - | AC85: - | AD85: - | AE85: - | AF85: - | AG85: - | AH85: - | AI85: - | AJ85: - | AK85: - | AL85: - | AM85: - | AN85: - | AO85: - | AP85: - | AQ85: - | AR85: - | AS85: - | AT85: - | AU85: - | AV85: - | AW85: - | AX85: - | AY85: - | AZ85: - | BA85: - | BB85: - | BC85: - | BD85: - | BE85: - | BF85: - | BG85: - | BH85: - | BI85: - | BJ85: - | BK85: - | BL85: - | BM85: - | BN85: - | BO85: - | BP85: - | BQ85: - | BR85: - | BS85: - | BT85: - | BU85: - | BV85: - | BW85: - | BX85: - | BY85: - | BZ85: - | CA85: - | CB85: - | CC85: р | CD85: р

Sheet расчет
W1: Выбор оборудования
A2: секция шин | B2: кпд | C2: Тип | D2: Наименование электроприемника | E2: Действующие нагрузки | I2: Коэффициенты | L2: Расчетные величины | O2: Эффективное число ЭП, nэ=(∑Рн)²/∑n·рн² | P2: Коэффициент расчетной нагрузки Кр | Q2: Расчетная мощность | T2: Расчетный ток, А Iр=Sр/(√3Uн) | W2: Авт. выкл. | AK2: Авт. защиты двигателя | AQ2: Мод. авт. выключатель | AV2: Диф. автомат | BB2: Авт. литой корпус
E3: Напряжение, U, В | G3: Мощность Рн=n·рн, кВт | H3: Ток I, А | I3: Использования, Ки | J3: Мощности, cosφ | K3: Реактивной мощности tgφ | L3: Ки·Рн(раб), кВт | M3: Ки·Рн(раб)·tgφ, кВт | N3: n·Рн² | Q3: Активная, кВт Рр=Кр·∑КиРн | R3: Реактивная, кВар, Qр=1,1·∑Ки·Рн·tgφ при nэ≤10; Qр=∑Ки·Рн·tgφ при nэ>10 | S3: Полная, кВА S=√Рр²+Qр² | U3: расчетный ток выключателя | V3: пусковой ток | W3: Производитель | X3: Кол-во полюсов | Y3: Easy9 Schneider Electric | Z3: Easy9 Schneider Electric | AA3: EasyPact TVS Schneider Electric | AB3: EasyPact TVS Schneider Electric | AC3: LZM Eaton | AD3: LZM Eaton | AE3: Acti9 Schneider Electric | AF3: Acti9 Schneider Electric | AG3: iDPN N Vigi Schneider Electric | AH3: iDPN N Vigi Schneider Electric | AI3: EasyPact EZC | AJ3: EasyPact EZC | AK3: DEKraft ВА431 защита двигателя | AM3: SE_GM2 | AO3: Ch_NS2 | AQ3: ТОК для модульных | AR3: DEKraft ВА105 10кА | AS3: DEKraft ВА103 6кА | AT3: SE_City9 | AU3: Ch_NB1-63 | AV3: DEKraft ДИФ-103 | AX3: SE_АВДТ | AZ3: Ch_NB2LE | BB3: DEKraft ВА-33_ | BD3: SE_CCB_F_36 кА | BF3: Ch_NM8N | BH3: КЭАЗ ВМ63 15кА | BK3: мод_hy_HGD63 | BL3: диф_hy_HRO | BM3: защ.двиг_hy_MMS32K | BO3: лит_hy_HGP | BQ3: Тип | BR3: Iном. Авт | BS3: Уставка по перегрузке | BT3: Уставка по кз | CA3: сцеплено | CB3: сцеплено
A5: ППУ | B5: 100 | C5: ПЭСПЗ | D5: Панель противопожарных устройств | E5: 380 | F5: L1, L2, L3 | G5: 0.8 | H5: =IF(E5<=230,(G5)/((E5/1000)*J5*(B5/100)),(G5)/(1.732*(E5/1000)*J5*(B5/100))) -> 1.2794841 | I5: 1 | J5: 0.95 | K5: 0.33 | L5: =I5*G5 -> 0.8 | M5: =I5*G5*K5 -> 0.264 | N5: =1*G5^2 -> 0.64 | U5: =10*1.2 -> 12 | V5: =7*H5 -> 8.9563888 | W5: Ch_NB1-63 | X5: 3Р | Y5: =IF(U5<=6,6,IF(U5<=10,10,IF(U5<=16,16,IF(U5<=20,20,IF(U5<=25,25,IF(U5<=32,32,IF(U5<=40,40,IF(U5<=50,50,IF(U5<=63,63,"др.выкл"))))))))) -> 16 | Z5: =INDEX(автоматы!$B$3:$D$11,MATCH(Y5,автоматы!$A$3:$A$11,0),MATCH(X5,кол_пол,0)) -> EZ9F34316 | AA5: =IF(U5<=0.16,0.16,IF(U5<=0.25,0.25,IF(U5<=0.4,0.4,IF(U5<=0.63,0.63,IF(U5<=1,1,IF(U5<=1.6,1.6,IF(U5<=2.5,2.5,IF(U5<=4,4,IF(U5<=6.3,6.3,IF(U5<=10,10,IF(U5<=14,14,IF(U5<=18,18,IF(U5<=23,23,IF(U5<=25,25,IF(U5<=32,32,"др.авт"))))))))))))))) -> 14 | AB5: =VLOOKUP(AA5,автоматы!$H$3:$I$17,2,0) -> GZ1 E16 | AC5: =IF(U5<=20,20,IF(U5<=25,25,IF(U5<=32,32,IF(U5<=40,40,IF(U5<=50,50,IF(U5<=63,63,IF(U5<=80,80,IF(U5<=100,100,IF(U5<=125,125,IF(U5<=160,160,IF(U5<=200,200,IF(U5<=250,250,IF(U5<=300,300,IF(U5<=320,320,IF(U5<=400,400,IF(U5<=500,500,IF(U5<=630,630,"др.авт"))))))))))))))))) -> 20 | AD5: =VLOOKUP(AC5,автоматы!$N$3:$O$19,2,0) -> LZMB1-A20-I | AE5: =IF(U5<=6,6,IF(U5<=10,10,IF(U5<=16,16,IF(U5<=20,20,IF(U5<=25,25,IF(U5<=32,32,IF(U5<=40,40,IF(U5<=50,50,IF(U5<=63,63,"др.выкл"))))))))) -> 16 | AF5: =INDEX(автоматы!$T$2:$V$15,MATCH(AE5,автоматы!$S$2:$S$15,0),MATCH(X5,автоматы!$T$1:$V$1,0)) -> iC60N C16 3P | AG5: =IF(U5<=6,6,IF(U5<=10,10,IF(U5<=16,16,IF(U5<=20,20,IF(U5<=25,25,IF(U5<=32,32,IF(U5<=40,40,"др.выкл"))))))) -> 16 | AH5: =VLOOKUP(AG5,автоматы!$Z$3:$AA$9,2,0) -> A9D31616 | AI5: =IF(U5<=15,15,IF(U5<=16,16,IF(U5<=20,20,IF(U5<=25,25,IF(U5<=32,32,IF(U5<=40,40,IF(U5<=45,45,IF(U5<=50,50,IF(U5<=60,60,IF(U5<=63,63,IF(U5<=75,75,IF(U5<=80,80,IF(U5<=100,100,IF(U5<=125,125,IF(U5<=150,150,IF(U5<=160,160,IF(U5<=175,175,IF(U5<=200,200,IF(U5<=225,225,IF(U5<=250,250,IF(U5<=320,320,IF(U5<=350,350,IF(U5<=400,400,"др.выкл"))))))))))))))))))))))) -> 15 | AJ5: =VLOOKUP(AI5,автоматы!$AE$3:$AF$26,2,0) -> EZC100F3015 | AK5: =IF(U5<=0.16,0.16,IF(U5<=0.25,0.25,IF(U5<=0.4,0.4,IF(U5<=0.63,0.63,IF(U5<=1,1,IF(U5<=1.6,1.6,IF(U5<=2.5,2.5,IF(U5<=4,4,IF(U5<=6.3,6.3,IF(U5<=10,10,IF(U5<=14,14,IF(U5<=18,18,IF(U5<=23,23,IF(U5<=25,25,IF(U5<=32,32,"др.авт"))))))))))))))) -> 14 | AL5: =VLOOKUP(AK5,DEKraft!$I$2:$J$16,2,0) -> 21230DEK | AM5: =IF(U5<=0.16,0.16,IF(U5<=0.25,0.25,IF(U5<=0.4,0.4,IF(U5<=0.63,0.63,IF(U5<=1,1,IF(U5<=1.6,1.6,IF(U5<=2.5,2.5,IF(U5<=4,4,IF(U5<=6.3,6.3,IF(U5<=10,10,IF(U5<=14,14,IF(U5<=18,18,IF(U5<=23,23,IF(U5<=25,25,IF(U5<=32,32,"др.авт"))))))))))))))) -> 14 | AN5: =VLOOKUP(AM5,systeme!$A$33:$B$47,2,0) -> GM2ME16 | AO5: =IF(U5<=0.16,0.16,IF(U5<=0.25,0.25,IF(U5<=0.4,0.4,IF(U5<=0.63,0.63,IF(U5<=1,1,IF(U5<=1.6,1.6,IF(U5<=2.5,2.5,IF(U5<=4,4,IF(U5<=6.3,6.3,IF(U5<=10,10,IF(U5<=14,14,IF(U5<=18,18,IF(U5<=23,23,IF(U5<=25,25,IF(U5<=32,32,"др.авт"))))))))))))))) -> 14 | AP5: =VLOOKUP(AO5,chint!$A$34:$B$48,2,0) -> 495082 | AQ5: =IF(U5<=6,6,IF(U5<=10,10,IF(U5<=16,16,IF(U5<=20,20,IF(U5<=25,25,IF(U5<=32,32,IF(U5<=40,40,IF(U5<=50,50,IF(U5<=63,63,"др.выкл"))))))))) -> 16 | AR5: =INDEX(DEKraft!$B$2:$D$13,MATCH(AQ5,DEKraft!$A$2:$A$13,0),MATCH(X5,DEKraft!$B$1:$D$1,0)) -> 13177DEK | AS5: =INDEX(DEKraft!$B$21:$D$32,MATCH(AQ5,DEKraft!$A$21:$A$32,0),MATCH(X5,DEKraft!$B$20:$D$20,0)) -> 12305DEK | AT5: =INDEX(systeme!$B$2:$D$10,MATCH(AQ5,systeme!$A$2:$A$10,0),MATCH(X5,systeme!$B$1:$D$1,0)) -> C9F36316 | AU5: =INDEX(chint!$B$2:$D$10,MATCH(AQ5,chint!$A$2:$A$10,0),MATCH(X5,chint!$B$1:$D$1,0)) -> 179700 | AV5: =IF(U5<=6,6,IF(U5<=10,10,IF(U5<=16,16,IF(U5<=20,20,IF(U5<=25,25,IF(U5<=32,32,IF(U5<=40,40,"др.выкл"))))))) -> 16 | AW5: =VLOOKUP(AV5,DEKraft!$A$41:$B$47,2,0) -> 16204DEK | AX5: =IF(U5<=10,10,IF(U5<=16,16,IF(U5<=20,20,IF(U5<=25,25,IF(U5<=32,32,IF(U5<=40,40,"др.выкл")))))) -> 16 | AY5: =VLOOKUP(AX5,systeme!$G$2:$H$7,2,0) -> C9D36616 | AZ5: =IF(U5<=6,6,IF(U5<=10,10,IF(U5<=16,16,IF(U5<=20,20,IF(U5<=25,25,IF(U5<=32,32,IF(U5<=40,40,"др.выкл"))))))) -> 16 | BA5: =VLOOKUP(AV5,chint!$G$2:$H$8,2,0) -> 689002 | BB5: =IF(U5<=25,25,IF(U5<=32,32,IF(U5<=40,40,IF(U5<=50,50,IF(U5<=63,63,IF(U5<=80,80,IF(U5<=100,100,IF(U5<=125,125,IF(U5<=140,140,IF(U5<=160,160,IF(U5<=200,200,IF(U5<=250,250,IF(U5<=320,320,IF(U5<=400,400,IF(U5<=500,500,IF(U5<=630,630,"др.выкл")))))))))))))))) -> 25 | BC5: =VLOOKUP(BB5,DEKraft!$I$21:$J$36,2,0) -> 28100DEK | BD5: =IF(U5<=16,16,IF(U5<=25,25,IF(U5<=32,32,IF(U5<=40,40,IF(U5<=50,50,IF(U5<=63,63,IF(U5<=80,80,IF(U5<=100,100,IF(U5<=125,125,IF(U5<=160,160,IF(U5<=200,200,IF(U5<=250,250,IF(U5<=400,400,IF(U5<=500,500,IF(U5<=600,600,"др.авт"))))))))))))))) -> 16 | BE5: =VLOOKUP(BD5,systeme!$A$16:$B$30,2,0) -> SPC100F016L3DF | BF5: =IF(U5<=16,16,IF(U5<=25,25,IF(U5<=32,32,IF(U5<=40,40,IF(U5<=50,50,IF(U5<=63,63,IF(U5<=80,80,IF(U5<=100,100,IF(U5<=125,125,IF(U5<=160,160,IF(U5<=200,200,IF(U5<=225,225,IF(U5<=250,250,IF(U5<=315,315,IF(U5<=350,350,IF(U5<=400,400,IF(U5<=500,500,IF(U5<=630,630,"др.выкл")))))))))))))))))) -> 16 | BG5: =VLOOKUP(BF5,chint!$A$14:$B$31,2,0) -> 271581 | BH5: =IF(U5<=6,6,IF(U5<=10,10,IF(U5<=16,16,IF(U5<=20,20,IF(U5<=25,25,IF(U5<=32,32,IF(U5<=40,40,IF(U5<=50,50,IF(U5<=63,63,"др.выкл"))))))))) -> 16 | BI5: =INDEX(КЭАЗ!$B$2:$E$14,MATCH(BH5,КЭАЗ!$A$2:$A$14,0),MATCH(X5,КЭАЗ!$B$1:$D$1,0)) -> kea.341959 | BJ5: =IF(U5<=6,6,IF(U5<=10,10,IF(U5<=16,16,IF(U5<=20,20,IF(U5<=25,25,IF(U5<=32,32,IF(U5<=40,40,IF(U5<=50,50,IF(U5<=63,63,IF(U5<=80,80,IF(U5<=100,100,IF(U5<=125,125,"др.выкл")))))))))))) -> 16 | BK5: =INDEX(hy!$B$2:$D$18,MATCH(BJ5,hy!$A$2:$A$18,0),MATCH(X5,hy!$B$1:$D$1,0)) -> HGD63M 3PMCS0000C 00016 | BL5: =VLOOKUP(BJ5,hy!$G$2:$H$15,2,0) -> HRO63M 1NG4С0000C00016G | BM5: =IF(U5<=0.16,0.16,IF(U5<=0.25,0.25,IF(U5<=0.4,0.4,IF(U5<=0.63,0.63,IF(U5<=1,1,IF(U5<=1.6,1.6,IF(U5<=2.5,2.5,IF(U5<=4,4,IF(U5<=6.3,6.3,IF(U5<=10,10,IF(U5<=14,14,IF(U5<=18,18,IF(U5<=23,23,IF(U5<=25,25,IF(U5<=32,32,"др.авт"))))))))))))))) -> 14 | BN5: =VLOOKUP(BM5,hy!$A$41:$B$55,2,0) -> MMS32K 0014 | BO5: =IF(U5<=100,100,IF(U5<=125,125,IF(U5<=150,150,IF(U5<=160,160,IF(U5<=175,175,IF(U5<=200,200,IF(U5<=225,225,IF(U5<=250,250,IF(U5<=300,300,IF(U5<=350,350,IF(U5<=400,400,IF(U5<=500,500,IF(U5<=630,630,IF(U5<=700,700,IF(U5<=800,800,"др.выкл"))))))))))))))) -> 100 | BP5: =VLOOKUP(BO5,hy!$A$21:$B$35,2,0) -> HGP100S-G 3PT4S0000C 00100H | BQ5: =IF($W5=автоматы!$D$45,Z5,IF($W5=автоматы!$D$46,AF5,IF($W5=автоматы!$D$47,AH5,IF($W5=автоматы!$D$48,AB5,IF($W5=автоматы!$D$49,AJ5,IF($W5=автоматы!$D$50,AD5,IF($W5=автоматы!$D$51,BI5,IF($W5=автоматы!$D$52,AR5,IF($W5=автоматы!$D$53,AS5,IF($W5=автоматы!$D$54,AW5,IF($W5=автоматы!$D$55,AL5,IF($W5=автоматы!$D$56,BC5,IF($W5=автоматы!$D$57,AT5,IF($W5=автоматы!$D$58,AY5,IF($W5=автоматы!$D$59,AN5,IF($W5=автоматы!$D$60,BE5,IF($W5=автоматы!$D$61,AU5,IF($W5=автоматы!$D$62,BA5,IF($W5=автоматы!$D$63,AP5,IF($W5=автоматы!$D$64,BG5,IF($W5=автоматы!$D$65,BK5,IF($W5=автоматы!$D$66,BL5,IF($W5=автоматы!$D$67,BN5,IF($W5=автоматы!$D$68,BP5,"др")))))))))))))))))))))))) -> 179700 | BR5: =IF($W5=автоматы!$D$45,Y5,IF($W5=автоматы!$D$46,AE5,IF($W5=автоматы!$D$47,AG5,IF($W5=автоматы!$D$48,AA5,IF($W5=автоматы!$D$49,AI5,IF($W5=автоматы!$D$50,AC5,IF($W5=автоматы!$D$51,BH5,IF($W5=автоматы!$D$52,AQ5,IF($W5=автоматы!$D$53,AQ5,IF($W5=автоматы!$D$54,AV5,IF($W5=автоматы!$D$55,AK5,IF($W5=автоматы!$D$56,BB5,IF($W5=автоматы!$D$57,AQ5,IF($W5=автоматы!$D$58,AX5,IF($W5=автоматы!$D$59,AM5,IF($W5=автоматы!$D$60,BD5,IF($W5=автоматы!$D$61,AQ5,IF($W5=автоматы!$D$62,AZ5,IF($W5=автоматы!$D$63,AO5,IF($W5=автоматы!$D$64,BF5,IF($W5=автоматы!$D$65,BJ5,IF($W5=автоматы!$D$66,BJ5,IF($W5=автоматы!$D$67,BM5,IF($W5=автоматы!$D$68,BO5,"др")))))))))))))))))))))))) -> 16 | BS5: =CONCATENATE(IF($W5=автоматы!$A$1,Y5,IF($W5=автоматы!$H$1,VLOOKUP(AA5,автоматы!$H$3:$K$17,3,0),IF($W5=автоматы!$N$1,VLOOKUP(AC5,автоматы!$N$3:$Q$19,3,0),IF($W5=автоматы!$S$17,AE5,IF($W5=автоматы!$Z$1,AG5,IF($W5=автоматы!$AE$1,AI5,"др"))))))," А") -> др А | BT5: =IF($W5=автоматы!$A$1,Y5*10,IF($W5=автоматы!$H$1,VLOOKUP(AA5,автоматы!$H$3:$K$17,4,0),IF($W5=автоматы!$N$1,VLOOKUP(AC5,автоматы!$N$3:$Q$19,4,0),IF($W5=автоматы!$S$17,AE5*10,IF($W5=автоматы!$Z$1,AG5*10,IF($W5=автоматы!$AE$1,AI5*10,"др")))))) -> др | BV5: ВВГнг(А)-LS | BW5: 1 | BX5: 5 | BY5: 2.5 | BZ5: =HLOOKUP(BV5,каталог!$CG$1:$CO$22,MATCH(BY5,каталог!$CF$1:$CF$22,0),0)*BW5 -> 25 | CA5: =CONCATENATE("н",C5,"") -> нПЭСПЗ | CB5: =CONCATENATE(BV5," ",BX5,"x",BY5) -> ВВГнг(А)-LS 5x2,5
A6: 11 | B6: 100 | C6: ШУК | D6: Шкаф управления котельной | E6: 220 | F6: L1 | G6: 1 | H6: =IF(E6<=230,(G6)/((E6/1000)*J6*(B6/100)),(G6)/(1.732*(E6/1000)*J6*(B6/100))) -> 4.5454545 | I6: 1 | J6: 1 | K6: 0 | L6: =I6*G6 -> 1 | M6: =I6*G6*K6 -> 0 | N6: =1*G6^2 -> 1 | U6: =10*1.2 -> 12 | V6: =7*H6 -> 31.818182 | W6: Ch_NB1-63 | X6: 1Р | Y6: =IF(U6<=6,6,IF(U6<=10,10,IF(U6<=16,16,IF(U6<=20,20,IF(U6<=25,25,IF(U6<=32,32,IF(U6<=40,40,IF(U6<=50,50,IF(U6<=63,63,"др.выкл"))))))))) -> 16 | Z6: =INDEX(автоматы!$B$3:$D$11,MATCH(Y6,автоматы!$A$3:$A$11,0),MATCH(X6,кол_пол,0)) -> EZ9F34116 | AA6: =IF(U6<=0.16,0.16,IF(U6<=0.25,0.25,IF(U6<=0.4,0.4,IF(U6<=0.63,0.63,IF(U6<=1,1,IF(U6<=1.6,1.6,IF(U6<=2.5,2.5,IF(U6<=4,4,IF(U6<=6.3,6.3,IF(U6<=10,10,IF(U6<=14,14,IF(U6<=18,18,IF(U6<=23,23,IF(U6<=25,25,IF(U6<=32,32,"др.авт"))))))))))))))) -> 14 | AB6: =VLOOKUP(AA6,автоматы!$H$3:$I$17,2,0) -> GZ1 E16 | AC6: =IF(U6<=20,20,IF(U6<=25,25,IF(U6<=32,32,IF(U6<=40,40,IF(U6<=50,50,IF(U6<=63,63,IF(U6<=80,80,IF(U6<=100,100,IF(U6<=125,125,IF(U6<=160,160,IF(U6<=200,200,IF(U6<=250,250,IF(U6<=300,300,IF(U6<=320,320,IF(U6<=400,400,IF(U6<=500,500,IF(U6<=630,630,"др.авт"))))))))))))))))) -> 20 | AD6: =VLOOKUP(AC6,автоматы!$N$3:$O$19,2,0) -> LZMB1-A20-I | AE6: =IF(U6<=6,6,IF(U6<=10,10,IF(U6<=16,16,IF(U6<=20,20,IF(U6<=25,25,IF(U6<=32,32,IF(U6<=40,40,IF(U6<=50,50,IF(U6<=63,63,"др.выкл"))))))))) -> 16 | AF6: =INDEX(автоматы!$T$2:$V$15,MATCH(AE6,автоматы!$S$2:$S$15,0),MATCH(X6,автоматы!$T$1:$V$1,0)) -> iC60N C16 1P | AG6: =IF(U6<=6,6,IF(U6<=10,10,IF(U6<=16,16,IF(U6<=20,20,IF(U6<=25,25,IF(U6<=32,32,IF(U6<=40,40,"др.выкл"))))))) -> 16 | AH6: =VLOOKUP(AG6,автоматы!$Z$3:$AA$9,2,0) -> A9D31616 | AI6: =IF(U6<=15,15,IF(U6<=16,16,IF(U6<=20,20,IF(U6<=25,25,IF(U6<=32,32,IF(U6<=40,40,IF(U6<=45,45,IF(U6<=50,50,IF(U6<=60,60,IF(U6<=63,63,IF(U6<=75,75,IF(U6<=80,80,IF(U6<=100,100,IF(U6<=125,125,IF(U6<=150,150,IF(U6<=160,160,IF(U6<=175,175,IF(U6<=200,200,IF(U6<=225,225,IF(U6<=250,250,IF(U6<=320,320,IF(U6<=350,350,IF(U6<=400,400,"др.выкл"))))))))))))))))))))))) -> 15 | AJ6: =VLOOKUP(AI6,автоматы!$AE$3:$AF$26,2,0) -> EZC100F3015 | AK6: =IF(U6<=0.16,0.16,IF(U6<=0.25,0.25,IF(U6<=0.4,0.4,IF(U6<=0.63,0.63,IF(U6<=1,1,IF(U6<=1.6,1.6,IF(U6<=2.5,2.5,IF(U6<=4,4,IF(U6<=6.3,6.3,IF(U6<=10,10,IF(U6<=14,14,IF(U6<=18,18,IF(U6<=23,23,IF(U6<=25,25,IF(U6<=32,32,"др.авт"))))))))))))))) -> 14 | AL6: =VLOOKUP(AK6,DEKraft!$I$2:$J$16,2,0) -> 21230DEK | AM6: =IF(U6<=0.16,0.16,IF(U6<=0.25,0.25,IF(U6<=0.4,0.4,IF(U6<=0.63,0.63,IF(U6<=1,1,IF(U6<=1.6,1.6,IF(U6<=2.5,2.5,IF(U6<=4,4,IF(U6<=6.3,6.3,IF(U6<=10,10,IF(U6<=14,14,IF(U6<=18,18,IF(U6<=23,23,IF(U6<=25,25,IF(U6<=32,32,"др.авт"))))))))))))))) -> 14 | AN6: =VLOOKUP(AM6,systeme!$A$33:$B$47,2,0) -> GM2ME16 | AO6: =IF(U6<=0.16,0.16,IF(U6<=0.25,0.25,IF(U6<=0.4,0.4,IF(U6<=0.63,0.63,IF(U6<=1,1,IF(U6<=1.6,1.6,IF(U6<=2.5,2.5,IF(U6<=4,4,IF(U6<=6.3,6.3,IF(U6<=10,10,IF(U6<=14,14,IF(U6<=18,18,IF(U6<=23,23,IF(U6<=25,25,IF(U6<=32,32,"др.авт"))))))))))))))) -> 14 | AP6: =VLOOKUP(AO6,chint!$A$34:$B$48,2,0) -> 495082 | AQ6: =IF(U6<=6,6,IF(U6<=10,10,IF(U6<=16,16,IF(U6<=20,20,IF(U6<=25,25,IF(U6<=32,32,IF(U6<=40,40,IF(U6<=50,50,IF(U6<=63,63,"др.выкл"))))))))) -> 16 | AR6: =INDEX(DEKraft!$B$2:$D$13,MATCH(AQ6,DEKraft!$A$2:$A$13,0),MATCH(X6,DEKraft!$B$1:$D$1,0)) -> 13153DEK | AS6: =INDEX(DEKraft!$B$21:$D$32,MATCH(AQ6,DEKraft!$A$21:$A$32,0),MATCH(X6,DEKraft!$B$20:$D$20,0)) -> 12273DEK | AT6: =INDEX(systeme!$B$2:$D$10,MATCH(AQ6,systeme!$A$2:$A$10,0),MATCH(X6,systeme!$B$1:$D$1,0)) -> C9F36116 | AU6: =INDEX(chint!$B$2:$D$10,MATCH(AQ6,chint!$A$2:$A$10,0),MATCH(X6,chint!$B$1:$D$1,0)) -> 179616 | AV6: =IF(U6<=6,6,IF(U6<=10,10,IF(U6<=16,16,IF(U6<=20,20,IF(U6<=25,25,IF(U6<=32,32,IF(U6<=40,40,"др.выкл"))))))) -> 16 | AW6: =VLOOKUP(AV6,DEKraft!$A$41:$B$47,2,0) -> 16204DEK | AX6: =IF(U6<=10,10,IF(U6<=16,16,IF(U6<=20,20,IF(U6<=25,25,IF(U6<=32,32,IF(U6<=40,40,"др.выкл")))))) -> 16 | AY6: =VLOOKUP(AX6,systeme!$G$2:$H$7,2,0) -> C9D36616 | AZ6: =IF(U6<=6,6,IF(U6<=10,10,IF(U6<=16,16,IF(U6<=20,20,IF(U6<=25,25,IF(U6<=32,32,IF(U6<=40,40,"др.выкл"))))))) -> 16 | BA6: =VLOOKUP(AV6,chint!$G$2:$H$8,2,0) -> 689002 | BB6: =IF(U6<=25,25,IF(U6<=32,32,IF(U6<=40,40,IF(U6<=50,50,IF(U6<=63,63,IF(U6<=80,80,IF(U6<=100,100,IF(U6<=125,125,IF(U6<=140,140,IF(U6<=160,160,IF(U6<=200,200,IF(U6<=250,250,IF(U6<=320,320,IF(U6<=400,400,IF(U6<=500,500,IF(U6<=630,630,"др.выкл")))))))))))))))) -> 25 | BC6: =VLOOKUP(BB6,DEKraft!$I$21:$J$36,2,0) -> 28100DEK | BD6: =IF(U6<=16,16,IF(U6<=25,25,IF(U6<=32,32,IF(U6<=40,40,IF(U6<=50,50,IF(U6<=63,63,IF(U6<=80,80,IF(U6<=100,100,IF(U6<=125,125,IF(U6<=160,160,IF(U6<=200,200,IF(U6<=250,250,IF(U6<=400,400,IF(U6<=500,500,IF(U6<=600,600,"др.авт"))))))))))))))) -> 16 | BE6: =VLOOKUP(BD6,systeme!$A$16:$B$30,2,0) -> SPC100F016L3DF | BF6: =IF(U6<=16,16,IF(U6<=25,25,IF(U6<=32,32,IF(U6<=40,40,IF(U6<=50,50,IF(U6<=63,63,IF(U6<=80,80,IF(U6<=100,100,IF(U6<=125,125,IF(U6<=160,160,IF(U6<=200,200,IF(U6<=225,225,IF(U6<=250,250,IF(U6<=315,315,IF(U6<=350,350,IF(U6<=400,400,IF(U6<=500,500,IF(U6<=630,630,"др.выкл")))))))))))))))))) -> 16 | BG6: =VLOOKUP(BF6,chint!$A$14:$B$31,2,0) -> 271581 | BH6: =IF(U6<=6,6,IF(U6<=10,10,IF(U6<=16,16,IF(U6<=20,20,IF(U6<=25,25,IF(U6<=32,32,IF(U6<=40,40,IF(U6<=50,50,IF(U6<=63,63,"др.выкл"))))))))) -> 16 | BI6: =INDEX(КЭАЗ!$B$2:$E$14,MATCH(BH6,КЭАЗ!$A$2:$A$14,0),MATCH(X6,КЭАЗ!$B$1:$D$1,0)) -> kea.341881 | BJ6: =IF(U6<=6,6,IF(U6<=10,10,IF(U6<=16,16,IF(U6<=20,20,IF(U6<=25,25,IF(U6<=32,32,IF(U6<=40,40,IF(U6<=50,50,IF(U6<=63,63,IF(U6<=80,80,IF(U6<=100,100,IF(U6<=125,125,"др.выкл")))))))))))) -> 16 | BK6: =INDEX(hy!$B$2:$D$18,MATCH(BJ6,hy!$A$2:$A$18,0),MATCH(X6,hy!$B$1:$D$1,0)) -> HGD63M 1PMCS0000C 00016 | BL6: =VLOOKUP(BJ6,hy!$G$2:$H$15,2,0) -> HRO63M 1NG4С0000C00016G | BM6: =IF(U6<=0.16,0.16,IF(U6<=0.25,0.25,IF(U6<=0.4,0.4,IF(U6<=0.63,0.63,IF(U6<=1,1,IF(U6<=1.6,1.6,IF(U6<=2.5,2.5,IF(U6<=4,4,IF(U6<=6.3,6.3,IF(U6<=10,10,IF(U6<=14,14,IF(U6<=18,18,IF(U6<=23,23,IF(U6<=25,25,IF(U6<=32,32,"др.авт"))))))))))))))) -> 14 | BN6: =VLOOKUP(BM6,hy!$A$41:$B$55,2,0) -> MMS32K 0014 | BO6: =IF(U6<=100,100,IF(U6<=125,125,IF(U6<=150,150,IF(U6<=160,160,IF(U6<=175,175,IF(U6<=200,200,IF(U6<=225,225,IF(U6<=250,250,IF(U6<=300,300,IF(U6<=350,350,IF(U6<=400,400,IF(U6<=500,500,IF(U6<=630,630,IF(U6<=700,700,IF(U6<=800,800,"др.выкл"))))))))))))))) -> 100 | BP6: =VLOOKUP(BO6,hy!$A$21:$B$35,2,0) -> HGP100S-G 3PT4S0000C 00100H | BQ6: =IF($W6=автоматы!$D$45,Z6,IF($W6=автоматы!$D$46,AF6,IF($W6=автоматы!$D$47,AH6,IF($W6=автоматы!$D$48,AB6,IF($W6=автоматы!$D$49,AJ6,IF($W6=автоматы!$D$50,AD6,IF($W6=автоматы!$D$51,BI6,IF($W6=автоматы!$D$52,AR6,IF($W6=автоматы!$D$53,AS6,IF($W6=автоматы!$D$54,AW6,IF($W6=автоматы!$D$55,AL6,IF($W6=автоматы!$D$56,BC6,IF($W6=автоматы!$D$57,AT6,IF($W6=автоматы!$D$58,AY6,IF($W6=автоматы!$D$59,AN6,IF($W6=автоматы!$D$60,BE6,IF($W6=автоматы!$D$61,AU6,IF($W6=автоматы!$D$62,BA6,IF($W6=автоматы!$D$63,AP6,IF($W6=автоматы!$D$64,BG6,IF($W6=автоматы!$D$65,BK6,IF($W6=автоматы!$D$66,BL6,IF($W6=автоматы!$D$67,BN6,IF($W6=автоматы!$D$68,BP6,"др")))))))))))))))))))))))) -> 179616 | BR6: =IF($W6=автоматы!$D$45,Y6,IF($W6=автоматы!$D$46,AE6,IF($W6=автоматы!$D$47,AG6,IF($W6=автоматы!$D$48,AA6,IF($W6=автоматы!$D$49,AI6,IF($W6=автоматы!$D$50,AC6,IF($W6=автоматы!$D$51,BH6,IF($W6=автоматы!$D$52,AQ6,IF($W6=автоматы!$D$53,AQ6,IF($W6=автоматы!$D$54,AV6,IF($W6=автоматы!$D$55,AK6,IF($W6=автоматы!$D$56,BB6,IF($W6=автоматы!$D$57,AQ6,IF($W6=автоматы!$D$58,AX6,IF($W6=автоматы!$D$59,AM6,IF($W6=автоматы!$D$60,BD6,IF($W6=автоматы!$D$61,AQ6,IF($W6=автоматы!$D$62,AZ6,IF($W6=автоматы!$D$63,AO6,IF($W6=автоматы!$D$64,BF6,IF($W6=автоматы!$D$65,BJ6,IF($W6=автоматы!$D$66,BJ6,IF($W6=автоматы!$D$67,BM6,IF($W6=автоматы!$D$68,BO6,"др")))))))))))))))))))))))) -> 16 | BS6: =CONCATENATE(IF($W6=автоматы!$A$1,Y6,IF($W6=автоматы!$H$1,VLOOKUP(AA6,автоматы!$H$3:$K$17,3,0),IF($W6=автоматы!$N$1,VLOOKUP(AC6,автоматы!$N$3:$Q$19,3,0),IF($W6=автоматы!$S$17,AE6,IF($W6=автоматы!$Z$1,AG6,IF($W6=автоматы!$AE$1,AI6,"др"))))))," А") -> др А | BT6: =IF($W6=автоматы!$A$1,Y6*10,IF($W6=автоматы!$H$1,VLOOKUP(AA6,автоматы!$H$3:$K$17,4,0),IF($W6=автоматы!$N$1,VLOOKUP(AC6,автоматы!$N$3:$Q$19,4,0),IF($W6=автоматы!$S$17,AE6*10,IF($W6=автоматы!$Z$1,AG6*10,IF($W6=автоматы!$AE$1,AI6*10,"др")))))) -> др | BV6: ВВГнг(А)-LS | BW6: 1 | BX6: 3 | BY6: 2.5 | BZ6: =HLOOKUP(BV6,каталог!$CG$1:$CO$22,MATCH(BY6,каталог!$CF$1:$CF$22,0),0)*BW6 -> 25 | CA6: =CONCATENATE("н",C6,"") -> нШУК | CB6: =CONCATENATE(BV6," ",BX6,"x",BY6) -> ВВГнг(А)-LS 3x2,5
A7: 11 | B7: 100 | C7: ЩУТ | D7: Щит учета тепла | E7: 220 | F7: L3 | G7: 0.5 | H7: =IF(E7<=230,(G7)/((E7/1000)*J7*(B7/100)),(G7)/(1.732*(E7/1000)*J7*(B7/100))) -> 2.2727273 | I7: 1 | J7: 1 | K7: =ROUND(SQRT(1-(J7)^2)/J7,2) -> 0 | L7: =I7*G7 -> 0.5 | M7: =I7*G7*K7 -> 0 | N7: =1*G7^2 -> 0.25 | U7: =16*1.2 -> 19.2 | V7: =7*H7 -> 15.909091 | W7: Ch_NB1-63 | X7: 1Р | Y7: =IF(U7<=6,6,IF(U7<=10,10,IF(U7<=16,16,IF(U7<=20,20,IF(U7<=25,25,IF(U7<=32,32,IF(U7<=40,40,IF(U7<=50,50,IF(U7<=63,63,"др.выкл"))))))))) -> 20 | Z7: =INDEX(автоматы!$B$3:$D$11,MATCH(Y7,автоматы!$A$3:$A$11,0),MATCH(X7,кол_пол,0)) -> EZ9F34120 | AA7: =IF(U7<=0.16,0.16,IF(U7<=0.25,0.25,IF(U7<=0.4,0.4,IF(U7<=0.63,0.63,IF(U7<=1,1,IF(U7<=1.6,1.6,IF(U7<=2.5,2.5,IF(U7<=4,4,IF(U7<=6.3,6.3,IF(U7<=10,10,IF(U7<=14,14,IF(U7<=18,18,IF(U7<=23,23,IF(U7<=25,25,IF(U7<=32,32,"др.авт"))))))))))))))) -> 23 | AB7: =VLOOKUP(AA7,автоматы!$H$3:$I$17,2,0) -> GZ1 E21 | AC7: =IF(U7<=20,20,IF(U7<=25,25,IF(U7<=32,32,IF(U7<=40,40,IF(U7<=50,50,IF(U7<=63,63,IF(U7<=80,80,IF(U7<=100,100,IF(U7<=125,125,IF(U7<=160,160,IF(U7<=200,200,IF(U7<=250,250,IF(U7<=300,300,IF(U7<=320,320,IF(U7<=400,400,IF(U7<=500,500,IF(U7<=630,630,"др.авт"))))))))))))))))) -> 20 | AD7: =VLOOKUP(AC7,автоматы!$N$3:$O$19,2,0) -> LZMB1-A20-I | AE7: =IF(U7<=6,6,IF(U7<=10,10,IF(U7<=16,16,IF(U7<=20,20,IF(U7<=25,25,IF(U7<=32,32,IF(U7<=40,40,IF(U7<=50,50,IF(U7<=63,63,"др.выкл"))))))))) -> 20 | AF7: =INDEX(автоматы!$T$2:$V$15,MATCH(AE7,автоматы!$S$2:$S$15,0),MATCH(X7,автоматы!$T$1:$V$1,0)) -> iC60N C20 1P | AG7: =IF(U7<=6,6,IF(U7<=10,10,IF(U7<=16,16,IF(U7<=20,20,IF(U7<=25,25,IF(U7<=32,32,IF(U7<=40,40,"др.выкл"))))))) -> 20 | AH7: =VLOOKUP(AG7,автоматы!$Z$3:$AA$9,2,0) -> A9D31620 | AI7: =IF(U7<=15,15,IF(U7<=16,16,IF(U7<=20,20,IF(U7<=25,25,IF(U7<=32,32,IF(U7<=40,40,IF(U7<=45,45,IF(U7<=50,50,IF(U7<=60,60,IF(U7<=63,63,IF(U7<=75,75,IF(U7<=80,80,IF(U7<=100,100,IF(U7<=125,125,IF(U7<=150,150,IF(U7<=160,160,IF(U7<=175,175,IF(U7<=200,200,IF(U7<=225,225,IF(U7<=250,250,IF(U7<=320,320,IF(U7<=350,350,IF(U7<=400,400,"др.выкл"))))))))))))))))))))))) -> 20 | AJ7: =VLOOKUP(AI7,автоматы!$AE$3:$AF$26,2,0) -> EZC100F3020 | AK7: =IF(U7<=0.16,0.16,IF(U7<=0.25,0.25,IF(U7<=0.4,0.4,IF(U7<=0.63,0.63,IF(U7<=1,1,IF(U7<=1.6,1.6,IF(U7<=2.5,2.5,IF(U7<=4,4,IF(U7<=6.3,6.3,IF(U7<=10,10,IF(U7<=14,14,IF(U7<=18,18,IF(U7<=23,23,IF(U7<=25,25,IF(U7<=32,32,"др.авт"))))))))))))))) -> 23 | AL7: =VLOOKUP(AK7,DEKraft!$I$2:$J$16,2,0) -> 21232DEK | AM7: =IF(U7<=0.16,0.16,IF(U7<=0.25,0.25,IF(U7<=0.4,0.4,IF(U7<=0.63,0.63,IF(U7<=1,1,IF(U7<=1.6,1.6,IF(U7<=2.5,2.5,IF(U7<=4,4,IF(U7<=6.3,6.3,IF(U7<=10,10,IF(U7<=14,14,IF(U7<=18,18,IF(U7<=23,23,IF(U7<=25,25,IF(U7<=32,32,"др.авт"))))))))))))))) -> 23 | AN7: =VLOOKUP(AM7,systeme!$A$33:$B$47,2,0) -> GM2ME21 | AO7: =IF(U7<=0.16,0.16,IF(U7<=0.25,0.25,IF(U7<=0.4,0.4,IF(U7<=0.63,0.63,IF(U7<=1,1,IF(U7<=1.6,1.6,IF(U7<=2.5,2.5,IF(U7<=4,4,IF(U7<=6.3,6.3,IF(U7<=10,10,IF(U7<=14,14,IF(U7<=18,18,IF(U7<=23,23,IF(U7<=25,25,IF(U7<=32,32,"др.авт"))))))))))))))) -> 23 | AP7: =VLOOKUP(AO7,chint!$A$34:$B$48,2,0) -> 495084 | AQ7: =IF(U7<=6,6,IF(U7<=10,10,IF(U7<=16,16,IF(U7<=20,20,IF(U7<=25,25,IF(U7<=32,32,IF(U7<=40,40,IF(U7<=50,50,IF(U7<=63,63,"др.выкл"))))))))) -> 20 | AR7: =INDEX(DEKraft!$B$2:$D$13,MATCH(AQ7,DEKraft!$A$2:$A$13,0),MATCH(X7,DEKraft!$B$1:$D$1,0)) -> 13154DEK | AS7: =INDEX(DEKraft!$B$21:$D$32,MATCH(AQ7,DEKraft!$A$21:$A$32,0),MATCH(X7,DEKraft!$B$20:$D$20,0)) -> 12274DEK | AT7: =INDEX(systeme!$B$2:$D$10,MATCH(AQ7,systeme!$A$2:$A$10,0),MATCH(X7,systeme!$B$1:$D$1,0)) -> C9F36120 | AU7: =INDEX(chint!$B$2:$D$10,MATCH(AQ7,chint!$A$2:$A$10,0),MATCH(X7,chint!$B$1:$D$1,0)) -> 179618 | AV7: =IF(U7<=6,6,IF(U7<=10,10,IF(U7<=16,16,IF(U7<=20,20,IF(U7<=25,25,IF(U7<=32,32,IF(U7<=40,40,"др.выкл"))))))) -> 20 | AW7: =VLOOKUP(AV7,DEKraft!$A$41:$B$47,2,0) -> 16205DEK | AX7: =IF(U7<=10,10,IF(U7<=16,16,IF(U7<=20,20,IF(U7<=25,25,IF(U7<=32,32,IF(U7<=40,40,"др.выкл")))))) -> 20 | AY7: =VLOOKUP(AX7,systeme!$G$2:$H$7,2,0) -> C9D36620 | AZ7: =IF(U7<=6,6,IF(U7<=10,10,IF(U7<=16,16,IF(U7<=20,20,IF(U7<=25,25,IF(U7<=32,32,IF(U7<=40,40,"др.выкл"))))))) -> 20 | BA7: =VLOOKUP(AV7,chint!$G$2:$H$8,2,0) -> 689003 | BB7: =IF(U7<=25,25,IF(U7<=32,32,IF(U7<=40,40,IF(U7<=50,50,IF(U7<=63,63,IF(U7<=80,80,IF(U7<=100,100,IF(U7<=125,125,IF(U7<=140,140,IF(U7<=160,160,IF(U7<=200,200,IF(U7<=250,250,IF(U7<=320,320,IF(U7<=400,400,IF(U7<=500,500,IF(U7<=630,630,"др.выкл")))))))))))))))) -> 25 | BC7: =VLOOKUP(BB7,DEKraft!$I$21:$J$36,2,0) -> 28100DEK | BD7: =IF(U7<=16,16,IF(U7<=25,25,IF(U7<=32,32,IF(U7<=40,40,IF(U7<=50,50,IF(U7<=63,63,IF(U7<=80,80,IF(U7<=100,100,IF(U7<=125,125,IF(U7<=160,160,IF(U7<=200,200,IF(U7<=250,250,IF(U7<=400,400,IF(U7<=500,500,IF(U7<=600,600,"др.авт"))))))))))))))) -> 25 | BE7: =VLOOKUP(BD7,systeme!$A$16:$B$30,2,0) -> SPC100F025L3DF | BF7: =IF(U7<=16,16,IF(U7<=25,25,IF(U7<=32,32,IF(U7<=40,40,IF(U7<=50,50,IF(U7<=63,63,IF(U7<=80,80,IF(U7<=100,100,IF(U7<=125,125,IF(U7<=160,160,IF(U7<=200,200,IF(U7<=225,225,IF(U7<=250,250,IF(U7<=315,315,IF(U7<=350,350,IF(U7<=400,400,IF(U7<=500,500,IF(U7<=630,630,"др.выкл")))))))))))))))))) -> 25 | BG7: =VLOOKUP(BF7,chint!$A$14:$B$31,2,0) -> 271583 | BH7: =IF(U7<=6,6,IF(U7<=10,10,IF(U7<=16,16,IF(U7<=20,20,IF(U7<=25,25,IF(U7<=32,32,IF(U7<=40,40,IF(U7<=50,50,IF(U7<=63,63,"др.выкл"))))))))) -> 20 | BI7: =INDEX(КЭАЗ!$B$2:$E$14,MATCH(BH7,КЭАЗ!$A$2:$A$14,0),MATCH(X7,КЭАЗ!$B$1:$D$1,0)) -> kea.341882 | BJ7: =IF(U7<=6,6,IF(U7<=10,10,IF(U7<=16,16,IF(U7<=20,20,IF(U7<=25,25,IF(U7<=32,32,IF(U7<=40,40,IF(U7<=50,50,IF(U7<=63,63,IF(U7<=80,80,IF(U7<=100,100,IF(U7<=125,125,"др.выкл")))))))))))) -> 20 | BK7: =INDEX(hy!$B$2:$D$18,MATCH(BJ7,hy!$A$2:$A$18,0),MATCH(X7,hy!$B$1:$D$1,0)) -> HGD63M 1PMCS0000C 00020 | BL7: =VLOOKUP(BJ7,hy!$G$2:$H$15,2,0) -> HRO63M 1NG4С0000C00020G | BM7: =IF(U7<=0.16,0.16,IF(U7<=0.25,0.25,IF(U7<=0.4,0.4,IF(U7<=0.63,0.63,IF(U7<=1,1,IF(U7<=1.6,1.6,IF(U7<=2.5,2.5,IF(U7<=4,4,IF(U7<=6.3,6.3,IF(U7<=10,10,IF(U7<=14,14,IF(U7<=18,18,IF(U7<=23,23,IF(U7<=25,25,IF(U7<=32,32,"др.авт"))))))))))))))) -> 23 | BN7: =VLOOKUP(BM7,hy!$A$41:$B$55,2,0) -> MMS32K 0023 | BO7: =IF(U7<=100,100,IF(U7<=125,125,IF(U7<=150,150,IF(U7<=160,160,IF(U7<=175,175,IF(U7<=200,200,IF(U7<=225,225,IF(U7<=250,250,IF(U7<=300,300,IF(U7<=350,350,IF(U7<=400,400,IF(U7<=500,500,IF(U7<=630,630,IF(U7<=700,700,IF(U7<=800,800,"др.выкл"))))))))))))))) -> 100 | BP7: =VLOOKUP(BO7,hy!$A$21:$B$35,2,0) -> HGP100S-G 3PT4S0000C 00100H | BQ7: =IF($W7=автоматы!$D$45,Z7,IF($W7=автоматы!$D$46,AF7,IF($W7=автоматы!$D$47,AH7,IF($W7=автоматы!$D$48,AB7,IF($W7=автоматы!$D$49,AJ7,IF($W7=автоматы!$D$50,AD7,IF($W7=автоматы!$D$51,BI7,IF($W7=автоматы!$D$52,AR7,IF($W7=автоматы!$D$53,AS7,IF($W7=автоматы!$D$54,AW7,IF($W7=автоматы!$D$55,AL7,IF($W7=автоматы!$D$56,BC7,IF($W7=автоматы!$D$57,AT7,IF($W7=автоматы!$D$58,AY7,IF($W7=автоматы!$D$59,AN7,IF($W7=автоматы!$D$60,BE7,IF($W7=автоматы!$D$61,AU7,IF($W7=автоматы!$D$62,BA7,IF($W7=автоматы!$D$63,AP7,IF($W7=автоматы!$D$64,BG7,IF($W7=автоматы!$D$65,BK7,IF($W7=автоматы!$D$66,BL7,IF($W7=автоматы!$D$67,BN7,IF($W7=автоматы!$D$68,BP7,"др")))))))))))))))))))))))) -> 179618 | BR7: =IF($W7=автоматы!$D$45,Y7,IF($W7=автоматы!$D$46,AE7,IF($W7=автоматы!$D$47,AG7,IF($W7=автоматы!$D$48,AA7,IF($W7=автоматы!$D$49,AI7,IF($W7=автоматы!$D$50,AC7,IF($W7=автоматы!$D$51,BH7,IF($W7=автоматы!$D$52,AQ7,IF($W7=автоматы!$D$53,AQ7,IF($W7=автоматы!$D$54,AV7,IF($W7=автоматы!$D$55,AK7,IF($W7=автоматы!$D$56,BB7,IF($W7=автоматы!$D$57,AQ7,IF($W7=автоматы!$D$58,AX7,IF($W7=автоматы!$D$59,AM7,IF($W7=автоматы!$D$60,BD7,IF($W7=автоматы!$D$61,AQ7,IF($W7=автоматы!$D$62,AZ7,IF($W7=автоматы!$D$63,AO7,IF($W7=автоматы!$D$64,BF7,IF($W7=автоматы!$D$65,BJ7,IF($W7=автоматы!$D$66,BJ7,IF($W7=автоматы!$D$67,BM7,IF($W7=автоматы!$D$68,BO7,"др")))))))))))))))))))))))) -> 20 | BS7: =CONCATENATE(IF($W7=автоматы!$A$1,Y7,IF($W7=автоматы!$H$1,VLOOKUP(AA7,автоматы!$H$3:$K$17,3,0),IF($W7=автоматы!$N$1,VLOOKUP(AC7,автоматы!$N$3:$Q$19,3,0),IF($W7=автоматы!$S$17,AE7,IF($W7=автоматы!$Z$1,AG7,IF($W7=автоматы!$AE$1,AI7,"др"))))))," А") -> др А | BT7: =IF($W7=автоматы!$A$1,Y7*10,IF($W7=автоматы!$H$1,VLOOKUP(AA7,автоматы!$H$3:$K$17,4,0),IF($W7=автоматы!$N$1,VLOOKUP(AC7,автоматы!$N$3:$Q$19,4,0),IF($W7=автоматы!$S$17,AE7*10,IF($W7=автоматы!$Z$1,AG7*10,IF($W7=автоматы!$AE$1,AI7*10,"др")))))) -> др | BV7: ВВГнг(А)-LS | BW7: 1 | BX7: 3 | BY7: 2.5 | BZ7: =HLOOKUP(BV7,каталог!$CG$1:$CO$22,MATCH(BY7,каталог!$CF$1:$CF$22,0),0)*BW7 -> 25 | CA7: =CONCATENATE("н",C7,"") -> нЩУТ | CB7: =CONCATENATE(BV7," ",BX7,"x",BY7) -> ВВГнг(А)-LS 3x2,5
A8: 11 | B8: 100 | C8: ЩУГ | D8: Щит учета газа | E8: 220 | F8: L3 | G8: 0.5 | H8: =IF(E8<=230,(G8)/((E8/1000)*J8*(B8/100)),(G8)/(1.732*(E8/1000)*J8*(B8/100))) -> 2.2727273 | I8: 1 | J8: 1 | K8: =ROUND(SQRT(1-(J8)^2)/J8,2) -> 0 | L8: =I8*G8 -> 0.5 | M8: =I8*G8*K8 -> 0 | N8: =1*G8^2 -> 0.25 | U8: =16*1.2 -> 19.2 | V8: =7*H8 -> 15.909091 | W8: Ch_NB1-63 | X8: 1Р | Y8: =IF(U8<=6,6,IF(U8<=10,10,IF(U8<=16,16,IF(U8<=20,20,IF(U8<=25,25,IF(U8<=32,32,IF(U8<=40,40,IF(U8<=50,50,IF(U8<=63,63,"др.выкл"))))))))) -> 20 | Z8: =INDEX(автоматы!$B$3:$D$11,MATCH(Y8,автоматы!$A$3:$A$11,0),MATCH(X8,кол_пол,0)) -> EZ9F34120 | AA8: =IF(U8<=0.16,0.16,IF(U8<=0.25,0.25,IF(U8<=0.4,0.4,IF(U8<=0.63,0.63,IF(U8<=1,1,IF(U8<=1.6,1.6,IF(U8<=2.5,2.5,IF(U8<=4,4,IF(U8<=6.3,6.3,IF(U8<=10,10,IF(U8<=14,14,IF(U8<=18,18,IF(U8<=23,23,IF(U8<=25,25,IF(U8<=32,32,"др.авт"))))))))))))))) -> 23 | AB8: =VLOOKUP(AA8,автоматы!$H$3:$I$17,2,0) -> GZ1 E21 | AC8: =IF(U8<=20,20,IF(U8<=25,25,IF(U8<=32,32,IF(U8<=40,40,IF(U8<=50,50,IF(U8<=63,63,IF(U8<=80,80,IF(U8<=100,100,IF(U8<=125,125,IF(U8<=160,160,IF(U8<=200,200,IF(U8<=250,250,IF(U8<=300,300,IF(U8<=320,320,IF(U8<=400,400,IF(U8<=500,500,IF(U8<=630,630,"др.авт"))))))))))))))))) -> 20 | AD8: =VLOOKUP(AC8,автоматы!$N$3:$O$19,2,0) -> LZMB1-A20-I | AE8: =IF(U8<=6,6,IF(U8<=10,10,IF(U8<=16,16,IF(U8<=20,20,IF(U8<=25,25,IF(U8<=32,32,IF(U8<=40,40,IF(U8<=50,50,IF(U8<=63,63,"др.выкл"))))))))) -> 20 | AF8: =INDEX(автоматы!$T$2:$V$15,MATCH(AE8,автоматы!$S$2:$S$15,0),MATCH(X8,автоматы!$T$1:$V$1,0)) -> iC60N C20 1P | AG8: =IF(U8<=6,6,IF(U8<=10,10,IF(U8<=16,16,IF(U8<=20,20,IF(U8<=25,25,IF(U8<=32,32,IF(U8<=40,40,"др.выкл"))))))) -> 20 | AH8: =VLOOKUP(AG8,автоматы!$Z$3:$AA$9,2,0) -> A9D31620 | AI8: =IF(U8<=15,15,IF(U8<=16,16,IF(U8<=20,20,IF(U8<=25,25,IF(U8<=32,32,IF(U8<=40,40,IF(U8<=45,45,IF(U8<=50,50,IF(U8<=60,60,IF(U8<=63,63,IF(U8<=75,75,IF(U8<=80,80,IF(U8<=100,100,IF(U8<=125,125,IF(U8<=150,150,IF(U8<=160,160,IF(U8<=175,175,IF(U8<=200,200,IF(U8<=225,225,IF(U8<=250,250,IF(U8<=320,320,IF(U8<=350,350,IF(U8<=400,400,"др.выкл"))))))))))))))))))))))) -> 20 | AJ8: =VLOOKUP(AI8,автоматы!$AE$3:$AF$26,2,0) -> EZC100F3020 | AK8: =IF(U8<=0.16,0.16,IF(U8<=0.25,0.25,IF(U8<=0.4,0.4,IF(U8<=0.63,0.63,IF(U8<=1,1,IF(U8<=1.6,1.6,IF(U8<=2.5,2.5,IF(U8<=4,4,IF(U8<=6.3,6.3,IF(U8<=10,10,IF(U8<=14,14,IF(U8<=18,18,IF(U8<=23,23,IF(U8<=25,25,IF(U8<=32,32,"др.авт"))))))))))))))) -> 23 | AL8: =VLOOKUP(AK8,DEKraft!$I$2:$J$16,2,0) -> 21232DEK | AM8: =IF(U8<=0.16,0.16,IF(U8<=0.25,0.25,IF(U8<=0.4,0.4,IF(U8<=0.63,0.63,IF(U8<=1,1,IF(U8<=1.6,1.6,IF(U8<=2.5,2.5,IF(U8<=4,4,IF(U8<=6.3,6.3,IF(U8<=10,10,IF(U8<=14,14,IF(U8<=18,18,IF(U8<=23,23,IF(U8<=25,25,IF(U8<=32,32,"др.авт"))))))))))))))) -> 23 | AN8: =VLOOKUP(AM8,systeme!$A$33:$B$47,2,0) -> GM2ME21 | AO8: =IF(U8<=0.16,0.16,IF(U8<=0.25,0.25,IF(U8<=0.4,0.4,IF(U8<=0.63,0.63,IF(U8<=1,1,IF(U8<=1.6,1.6,IF(U8<=2.5,2.5,IF(U8<=4,4,IF(U8<=6.3,6.3,IF(U8<=10,10,IF(U8<=14,14,IF(U8<=18,18,IF(U8<=23,23,IF(U8<=25,25,IF(U8<=32,32,"др.авт"))))))))))))))) -> 23 | AP8: =VLOOKUP(AO8,chint!$A$34:$B$48,2,0) -> 495084 | AQ8: =IF(U8<=6,6,IF(U8<=10,10,IF(U8<=16,16,IF(U8<=20,20,IF(U8<=25,25,IF(U8<=32,32,IF(U8<=40,40,IF(U8<=50,50,IF(U8<=63,63,"др.выкл"))))))))) -> 20 | AR8: =INDEX(DEKraft!$B$2:$D$13,MATCH(AQ8,DEKraft!$A$2:$A$13,0),MATCH(X8,DEKraft!$B$1:$D$1,0)) -> 13154DEK | AS8: =INDEX(DEKraft!$B$21:$D$32,MATCH(AQ8,DEKraft!$A$21:$A$32,0),MATCH(X8,DEKraft!$B$20:$D$20,0)) -> 12274DEK | AT8: =INDEX(systeme!$B$2:$D$10,MATCH(AQ8,systeme!$A$2:$A$10,0),MATCH(X8,systeme!$B$1:$D$1,0)) -> C9F36120 | AU8: =INDEX(chint!$B$2:$D$10,MATCH(AQ8,chint!$A$2:$A$10,0),MATCH(X8,chint!$B$1:$D$1,0)) -> 179618 | AV8: =IF(U8<=6,6,IF(U8<=10,10,IF(U8<=16,16,IF(U8<=20,20,IF(U8<=25,25,IF(U8<=32,32,IF(U8<=40,40,"др.выкл"))))))) -> 20 | AW8: =VLOOKUP(AV8,DEKraft!$A$41:$B$47,2,0) -> 16205DEK | AX8: =IF(U8<=10,10,IF(U8<=16,16,IF(U8<=20,20,IF(U8<=25,25,IF(U8<=32,32,IF(U8<=40,40,"др.выкл")))))) -> 20 | AY8: =VLOOKUP(AX8,systeme!$G$2:$H$7,2,0) -> C9D36620 | AZ8: =IF(U8<=6,6,IF(U8<=10,10,IF(U8<=16,16,IF(U8<=20,20,IF(U8<=25,25,IF(U8<=32,32,IF(U8<=40,40,"др.выкл"))))))) -> 20 | BA8: =VLOOKUP(AV8,chint!$G$2:$H$8,2,0) -> 689003 | BB8: =IF(U8<=25,25,IF(U8<=32,32,IF(U8<=40,40,IF(U8<=50,50,IF(U8<=63,63,IF(U8<=80,80,IF(U8<=100,100,IF(U8<=125,125,IF(U8<=140,140,IF(U8<=160,160,IF(U8<=200,200,IF(U8<=250,250,IF(U8<=320,320,IF(U8<=400,400,IF(U8<=500,500,IF(U8<=630,630,"др.выкл")))))))))))))))) -> 25 | BC8: =VLOOKUP(BB8,DEKraft!$I$21:$J$36,2,0) -> 28100DEK | BD8: =IF(U8<=16,16,IF(U8<=25,25,IF(U8<=32,32,IF(U8<=40,40,IF(U8<=50,50,IF(U8<=63,63,IF(U8<=80,80,IF(U8<=100,100,IF(U8<=125,125,IF(U8<=160,160,IF(U8<=200,200,IF(U8<=250,250,IF(U8<=400,400,IF(U8<=500,500,IF(U8<=600,600,"др.авт"))))))))))))))) -> 25 | BE8: =VLOOKUP(BD8,systeme!$A$16:$B$30,2,0) -> SPC100F025L3DF | BF8: =IF(U8<=16,16,IF(U8<=25,25,IF(U8<=32,32,IF(U8<=40,40,IF(U8<=50,50,IF(U8<=63,63,IF(U8<=80,80,IF(U8<=100,100,IF(U8<=125,125,IF(U8<=160,160,IF(U8<=200,200,IF(U8<=225,225,IF(U8<=250,250,IF(U8<=315,315,IF(U8<=350,350,IF(U8<=400,400,IF(U8<=500,500,IF(U8<=630,630,"др.выкл")))))))))))))))))) -> 25 | BG8: =VLOOKUP(BF8,chint!$A$14:$B$31,2,0) -> 271583 | BH8: =IF(U8<=6,6,IF(U8<=10,10,IF(U8<=16,16,IF(U8<=20,20,IF(U8<=25,25,IF(U8<=32,32,IF(U8<=40,40,IF(U8<=50,50,IF(U8<=63,63,"др.выкл"))))))))) -> 20 | BI8: =INDEX(КЭАЗ!$B$2:$E$14,MATCH(BH8,КЭАЗ!$A$2:$A$14,0),MATCH(X8,КЭАЗ!$B$1:$D$1,0)) -> kea.341882 | BJ8: =IF(U8<=6,6,IF(U8<=10,10,IF(U8<=16,16,IF(U8<=20,20,IF(U8<=25,25,IF(U8<=32,32,IF(U8<=40,40,IF(U8<=50,50,IF(U8<=63,63,IF(U8<=80,80,IF(U8<=100,100,IF(U8<=125,125,"др.выкл")))))))))))) -> 20 | BK8: =INDEX(hy!$B$2:$D$18,MATCH(BJ8,hy!$A$2:$A$18,0),MATCH(X8,hy!$B$1:$D$1,0)) -> HGD63M 1PMCS0000C 00020 | BL8: =VLOOKUP(BJ8,hy!$G$2:$H$15,2,0) -> HRO63M 1NG4С0000C00020G | BM8: =IF(U8<=0.16,0.16,IF(U8<=0.25,0.25,IF(U8<=0.4,0.4,IF(U8<=0.63,0.63,IF(U8<=1,1,IF(U8<=1.6,1.6,IF(U8<=2.5,2.5,IF(U8<=4,4,IF(U8<=6.3,6.3,IF(U8<=10,10,IF(U8<=14,14,IF(U8<=18,18,IF(U8<=23,23,IF(U8<=25,25,IF(U8<=32,32,"др.авт"))))))))))))))) -> 23 | BN8: =VLOOKUP(BM8,hy!$A$41:$B$55,2,0) -> MMS32K 0023 | BO8: =IF(U8<=100,100,IF(U8<=125,125,IF(U8<=150,150,IF(U8<=160,160,IF(U8<=175,175,IF(U8<=200,200,IF(U8<=225,225,IF(U8<=250,250,IF(U8<=300,300,IF(U8<=350,350,IF(U8<=400,400,IF(U8<=500,500,IF(U8<=630,630,IF(U8<=700,700,IF(U8<=800,800,"др.выкл"))))))))))))))) -> 100 | BP8: =VLOOKUP(BO8,hy!$A$21:$B$35,2,0) -> HGP100S-G 3PT4S0000C 00100H | BQ8: =IF($W8=автоматы!$D$45,Z8,IF($W8=автоматы!$D$46,AF8,IF($W8=автоматы!$D$47,AH8,IF($W8=автоматы!$D$48,AB8,IF($W8=автоматы!$D$49,AJ8,IF($W8=автоматы!$D$50,AD8,IF($W8=автоматы!$D$51,BI8,IF($W8=автоматы!$D$52,AR8,IF($W8=автоматы!$D$53,AS8,IF($W8=автоматы!$D$54,AW8,IF($W8=автоматы!$D$55,AL8,IF($W8=автоматы!$D$56,BC8,IF($W8=автоматы!$D$57,AT8,IF($W8=автоматы!$D$58,AY8,IF($W8=автоматы!$D$59,AN8,IF($W8=автоматы!$D$60,BE8,IF($W8=автоматы!$D$61,AU8,IF($W8=автоматы!$D$62,BA8,IF($W8=автоматы!$D$63,AP8,IF($W8=автоматы!$D$64,BG8,IF($W8=автоматы!$D$65,BK8,IF($W8=автоматы!$D$66,BL8,IF($W8=автоматы!$D$67,BN8,IF($W8=автоматы!$D$68,BP8,"др")))))))))))))))))))))))) -> 179618 | BR8: =IF($W8=автоматы!$D$45,Y8,IF($W8=автоматы!$D$46,AE8,IF($W8=автоматы!$D$47,AG8,IF($W8=автоматы!$D$48,AA8,IF($W8=автоматы!$D$49,AI8,IF($W8=автоматы!$D$50,AC8,IF($W8=автоматы!$D$51,BH8,IF($W8=автоматы!$D$52,AQ8,IF($W8=автоматы!$D$53,AQ8,IF($W8=автоматы!$D$54,AV8,IF($W8=автоматы!$D$55,AK8,IF($W8=автоматы!$D$56,BB8,IF($W8=автоматы!$D$57,AQ8,IF($W8=автоматы!$D$58,AX8,IF($W8=автоматы!$D$59,AM8,IF($W8=автоматы!$D$60,BD8,IF($W8=автоматы!$D$61,AQ8,IF($W8=автоматы!$D$62,AZ8,IF($W8=автоматы!$D$63,AO8,IF($W8=автоматы!$D$64,BF8,IF($W8=автоматы!$D$65,BJ8,IF($W8=автоматы!$D$66,BJ8,IF($W8=автоматы!$D$67,BM8,IF($W8=автоматы!$D$68,BO8,"др")))))))))))))))))))))))) -> 20 | BS8: =CONCATENATE(IF($W8=автоматы!$A$1,Y8,IF($W8=автоматы!$H$1,VLOOKUP(AA8,автоматы!$H$3:$K$17,3,0),IF($W8=автоматы!$N$1,VLOOKUP(AC8,автоматы!$N$3:$Q$19,3,0),IF($W8=автоматы!$S$17,AE8,IF($W8=автоматы!$Z$1,AG8,IF($W8=автоматы!$AE$1,AI8,"др"))))))," А") -> др А | BT8: =IF($W8=автоматы!$A$1,Y8*10,IF($W8=автоматы!$H$1,VLOOKUP(AA8,автоматы!$H$3:$K$17,4,0),IF($W8=автоматы!$N$1,VLOOKUP(AC8,автоматы!$N$3:$Q$19,4,0),IF($W8=автоматы!$S$17,AE8*10,IF($W8=автоматы!$Z$1,AG8*10,IF($W8=автоматы!$AE$1,AI8*10,"др")))))) -> др | BV8: ВВГнг(А)-LS | BW8: 1 | BX8: 3 | BY8: 2.5 | BZ8: =HLOOKUP(BV8,каталог!$CG$1:$CO$22,MATCH(BY8,каталог!$CF$1:$CF$22,0),0)*BW8 -> 25 | CA8: =CONCATENATE("н",C8,"") -> нЩУГ | CB8: =CONCATENATE(BV8," ",BX8,"x",BY8) -> ВВГнг(А)-LS 3x2,5
A9: 11 | B9: 100 | C9: ЕК1 | D9: Элеткробогрев дренажей газоходов | E9: 220 | F9: L2 | G9: 0.5 | H9: =IF(E9<=230,(G9)/((E9/1000)*J9*(B9/100)),(G9)/(1.732*(E9/1000)*J9*(B9/100))) -> 2.2727273 | I9: 1 | J9: 1 | K9: =ROUND(SQRT(1-(J9)^2)/J9,2) -> 0 | L9: =I9*G9 -> 0.5 | M9: =I9*G9*K9 -> 0 | N9: =1*G9^2 -> 0.25 | U9: =H9*2.5 -> 5.6818182 | V9: =7*H9 -> 15.909091 | W9: Ch_NB2LE | X9: 2Р | Y9: =IF(U9<=6,6,IF(U9<=10,10,IF(U9<=16,16,IF(U9<=20,20,IF(U9<=25,25,IF(U9<=32,32,IF(U9<=40,40,IF(U9<=50,50,IF(U9<=63,63,"др.выкл"))))))))) -> 6 | Z9: =INDEX(автоматы!$B$3:$D$11,MATCH(Y9,автоматы!$A$3:$A$11,0),MATCH(X9,кол_пол,0)) -> EZ9F34206 | AA9: =IF(U9<=0.16,0.16,IF(U9<=0.25,0.25,IF(U9<=0.4,0.4,IF(U9<=0.63,0.63,IF(U9<=1,1,IF(U9<=1.6,1.6,IF(U9<=2.5,2.5,IF(U9<=4,4,IF(U9<=6.3,6.3,IF(U9<=10,10,IF(U9<=14,14,IF(U9<=18,18,IF(U9<=23,23,IF(U9<=25,25,IF(U9<=32,32,"др.авт"))))))))))))))) -> 6.3 | AB9: =VLOOKUP(AA9,автоматы!$H$3:$I$17,2,0) -> GZ1 E10 | AC9: =IF(U9<=20,20,IF(U9<=25,25,IF(U9<=32,32,IF(U9<=40,40,IF(U9<=50,50,IF(U9<=63,63,IF(U9<=80,80,IF(U9<=100,100,IF(U9<=125,125,IF(U9<=160,160,IF(U9<=200,200,IF(U9<=250,250,IF(U9<=300,300,IF(U9<=320,320,IF(U9<=400,400,IF(U9<=500,500,IF(U9<=630,630,"др.авт"))))))))))))))))) -> 20 | AD9: =VLOOKUP(AC9,автоматы!$N$3:$O$19,2,0) -> LZMB1-A20-I | AE9: =IF(U9<=6,6,IF(U9<=10,10,IF(U9<=16,16,IF(U9<=20,20,IF(U9<=25,25,IF(U9<=32,32,IF(U9<=40,40,IF(U9<=50,50,IF(U9<=63,63,"др.выкл"))))))))) -> 6 | AF9: =INDEX(автоматы!$T$2:$V$15,MATCH(AE9,автоматы!$S$2:$S$15,0),MATCH(X9,автоматы!$T$1:$V$1,0)) -> iC60N C6 2P | AG9: =IF(U9<=6,6,IF(U9<=10,10,IF(U9<=16,16,IF(U9<=20,20,IF(U9<=25,25,IF(U9<=32,32,IF(U9<=40,40,"др.выкл"))))))) -> 6 | AH9: =VLOOKUP(AG9,автоматы!$Z$3:$AA$9,2,0) -> A9D31606 | AI9: =IF(U9<=15,15,IF(U9<=16,16,IF(U9<=20,20,IF(U9<=25,25,IF(U9<=32,32,IF(U9<=40,40,IF(U9<=45,45,IF(U9<=50,50,IF(U9<=60,60,IF(U9<=63,63,IF(U9<=75,75,IF(U9<=80,80,IF(U9<=100,100,IF(U9<=125,125,IF(U9<=150,150,IF(U9<=160,160,IF(U9<=175,175,IF(U9<=200,200,IF(U9<=225,225,IF(U9<=250,250,IF(U9<=320,320,IF(U9<=350,350,IF(U9<=400,400,"др.выкл"))))))))))))))))))))))) -> 15 | AJ9: =VLOOKUP(AI9,автоматы!$AE$3:$AF$26,2,0) -> EZC100F3015 | AK9: =IF(U9<=0.16,0.16,IF(U9<=0.25,0.25,IF(U9<=0.4,0.4,IF(U9<=0.63,0.63,IF(U9<=1,1,IF(U9<=1.6,1.6,IF(U9<=2.5,2.5,IF(U9<=4,4,IF(U9<=6.3,6.3,IF(U9<=10,10,IF(U9<=14,14,IF(U9<=18,18,IF(U9<=23,23,IF(U9<=25,25,IF(U9<=32,32,"др.авт"))))))))))))))) -> 6.3 | AL9: =VLOOKUP(AK9,DEKraft!$I$2:$J$16,2,0) -> 21228DEK | AM9: =IF(U9<=0.16,0.16,IF(U9<=0.25,0.25,IF(U9<=0.4,0.4,IF(U9<=0.63,0.63,IF(U9<=1,1,IF(U9<=1.6,1.6,IF(U9<=2.5,2.5,IF(U9<=4,4,IF(U9<=6.3,6.3,IF(U9<=10,10,IF(U9<=14,14,IF(U9<=18,18,IF(U9<=23,23,IF(U9<=25,25,IF(U9<=32,32,"др.авт"))))))))))))))) -> 6.3 | AN9: =VLOOKUP(AM9,systeme!$A$33:$B$47,2,0) -> GM2ME10 | AO9: =IF(U9<=0.16,0.16,IF(U9<=0.25,0.25,IF(U9<=0.4,0.4,IF(U9<=0.63,0.63,IF(U9<=1,1,IF(U9<=1.6,1.6,IF(U9<=2.5,2.5,IF(U9<=4,4,IF(U9<=6.3,6.3,IF(U9<=10,10,IF(U9<=14,14,IF(U9<=18,18,IF(U9<=23,23,IF(U9<=25,25,IF(U9<=32,32,"др.авт"))))))))))))))) -> 6.3 | AP9: =VLOOKUP(AO9,chint!$A$34:$B$48,2,0) -> 495080 | AQ9: =IF(U9<=6,6,IF(U9<=10,10,IF(U9<=16,16,IF(U9<=20,20,IF(U9<=25,25,IF(U9<=32,32,IF(U9<=40,40,IF(U9<=50,50,IF(U9<=63,63,"др.выкл"))))))))) -> 6 | AR9: =INDEX(DEKraft!$B$2:$D$13,MATCH(AQ9,DEKraft!$A$2:$A$13,0),MATCH(X9,DEKraft!$B$1:$D$1,0)) -> 13163DEK | AS9: =INDEX(DEKraft!$B$21:$D$32,MATCH(AQ9,DEKraft!$A$21:$A$32,0),MATCH(X9,DEKraft!$B$20:$D$20,0)) -> 12285DEK | AT9: =INDEX(systeme!$B$2:$D$10,MATCH(AQ9,systeme!$A$2:$A$10,0),MATCH(X9,systeme!$B$1:$D$1,0)) -> C9F36206 | AU9: =INDEX(chint!$B$2:$D$10,MATCH(AQ9,chint!$A$2:$A$10,0),MATCH(X9,chint!$B$1:$D$1,0)) -> 179667 | AV9: =IF(U9<=6,6,IF(U9<=10,10,IF(U9<=16,16,IF(U9<=20,20,IF(U9<=25,25,IF(U9<=32,32,IF(U9<=40,40,"др.выкл"))))))) -> 6 | AW9: =VLOOKUP(AV9,DEKraft!$A$41:$B$47,2,0) -> 16202DEK | AX9: =IF(U9<=10,10,IF(U9<=16,16,IF(U9<=20,20,IF(U9<=25,25,IF(U9<=32,32,IF(U9<=40,40,"др.выкл")))))) -> 10 | AY9: =VLOOKUP(AX9,systeme!$G$2:$H$7,2,0) -> C9D36610 | AZ9: =IF(U9<=6,6,IF(U9<=10,10,IF(U9<=16,16,IF(U9<=20,20,IF(U9<=25,25,IF(U9<=32,32,IF(U9<=40,40,"др.выкл"))))))) -> 6 | BA9: =VLOOKUP(AV9,chint!$G$2:$H$8,2,0) -> 689000 | BB9: =IF(U9<=25,25,IF(U9<=32,32,IF(U9<=40,40,IF(U9<=50,50,IF(U9<=63,63,IF(U9<=80,80,IF(U9<=100,100,IF(U9<=125,125,IF(U9<=140,140,IF(U9<=160,160,IF(U9<=200,200,IF(U9<=250,250,IF(U9<=320,320,IF(U9<=400,400,IF(U9<=500,500,IF(U9<=630,630,"др.выкл")))))))))))))))) -> 25 | BC9: =VLOOKUP(BB9,DEKraft!$I$21:$J$36,2,0) -> 28100DEK | BD9: =IF(U9<=16,16,IF(U9<=25,25,IF(U9<=32,32,IF(U9<=40,40,IF(U9<=50,50,IF(U9<=63,63,IF(U9<=80,80,IF(U9<=100,100,IF(U9<=125,125,IF(U9<=160,160,IF(U9<=200,200,IF(U9<=250,250,IF(U9<=400,400,IF(U9<=500,500,IF(U9<=600,600,"др.авт"))))))))))))))) -> 16 | BE9: =VLOOKUP(BD9,systeme!$A$16:$B$30,2,0) -> SPC100F016L3DF | BF9: =IF(U9<=16,16,IF(U9<=25,25,IF(U9<=32,32,IF(U9<=40,40,IF(U9<=50,50,IF(U9<=63,63,IF(U9<=80,80,IF(U9<=100,100,IF(U9<=125,125,IF(U9<=160,160,IF(U9<=200,200,IF(U9<=225,225,IF(U9<=250,250,IF(U9<=315,315,IF(U9<=350,350,IF(U9<=400,400,IF(U9<=500,500,IF(U9<=630,630,"др.выкл")))))))))))))))))) -> 16 | BG9: =VLOOKUP(BF9,chint!$A$14:$B$31,2,0) -> 271581 | BH9: =IF(U9<=6,6,IF(U9<=10,10,IF(U9<=16,16,IF(U9<=20,20,IF(U9<=25,25,IF(U9<=32,32,IF(U9<=40,40,IF(U9<=50,50,IF(U9<=63,63,"др.выкл"))))))))) -> 6 | BI9: =INDEX(КЭАЗ!$B$2:$E$14,MATCH(BH9,КЭАЗ!$A$2:$A$14,0),MATCH(X9,КЭАЗ!$B$1:$D$1,0)) -> kea.341916 | BJ9: =IF(U9<=6,6,IF(U9<=10,10,IF(U9<=16,16,IF(U9<=20,20,IF(U9<=25,25,IF(U9<=32,32,IF(U9<=40,40,IF(U9<=50,50,IF(U9<=63,63,IF(U9<=80,80,IF(U9<=100,100,IF(U9<=125,125,"др.выкл")))))))))))) -> 6 | BK9: =INDEX(hy!$B$2:$D$18,MATCH(BJ9,hy!$A$2:$A$18,0),MATCH(X9,hy!$B$1:$D$1,0)) -> HGD63M 2PMCS0000C 00006 | BL9: =VLOOKUP(BJ9,hy!$G$2:$H$15,2,0) -> HRO63M 1NG4С0000C00006G | BM9: =IF(U9<=0.16,0.16,IF(U9<=0.25,0.25,IF(U9<=0.4,0.4,IF(U9<=0.63,0.63,IF(U9<=1,1,IF(U9<=1.6,1.6,IF(U9<=2.5,2.5,IF(U9<=4,4,IF(U9<=6.3,6.3,IF(U9<=10,10,IF(U9<=14,14,IF(U9<=18,18,IF(U9<=23,23,IF(U9<=25,25,IF(U9<=32,32,"др.авт"))))))))))))))) -> 6.3 | BN9: =VLOOKUP(BM9,hy!$A$41:$B$55,2,0) -> MMS32K 06P3 | BO9: =IF(U9<=100,100,IF(U9<=125,125,IF(U9<=150,150,IF(U9<=160,160,IF(U9<=175,175,IF(U9<=200,200,IF(U9<=225,225,IF(U9<=250,250,IF(U9<=300,300,IF(U9<=350,350,IF(U9<=400,400,IF(U9<=500,500,IF(U9<=630,630,IF(U9<=700,700,IF(U9<=800,800,"др.выкл"))))))))))))))) -> 100 | BP9: =VLOOKUP(BO9,hy!$A$21:$B$35,2,0) -> HGP100S-G 3PT4S0000C 00100H | BQ9: =IF($W9=автоматы!$D$45,Z9,IF($W9=автоматы!$D$46,AF9,IF($W9=автоматы!$D$47,AH9,IF($W9=автоматы!$D$48,AB9,IF($W9=автоматы!$D$49,AJ9,IF($W9=автоматы!$D$50,AD9,IF($W9=автоматы!$D$51,BI9,IF($W9=автоматы!$D$52,AR9,IF($W9=автоматы!$D$53,AS9,IF($W9=автоматы!$D$54,AW9,IF($W9=автоматы!$D$55,AL9,IF($W9=автоматы!$D$56,BC9,IF($W9=автоматы!$D$57,AT9,IF($W9=автоматы!$D$58,AY9,IF($W9=автоматы!$D$59,AN9,IF($W9=автоматы!$D$60,BE9,IF($W9=автоматы!$D$61,AU9,IF($W9=автоматы!$D$62,BA9,IF($W9=автоматы!$D$63,AP9,IF($W9=автоматы!$D$64,BG9,IF($W9=автоматы!$D$65,BK9,IF($W9=автоматы!$D$66,BL9,IF($W9=автоматы!$D$67,BN9,IF($W9=автоматы!$D$68,BP9,"др")))))))))))))))))))))))) -> 689000 | BR9: =IF($W9=автоматы!$D$45,Y9,IF($W9=автоматы!$D$46,AE9,IF($W9=автоматы!$D$47,AG9,IF($W9=автоматы!$D$48,AA9,IF($W9=автоматы!$D$49,AI9,IF($W9=автоматы!$D$50,AC9,IF($W9=автоматы!$D$51,BH9,IF($W9=автоматы!$D$52,AQ9,IF($W9=автоматы!$D$53,AQ9,IF($W9=автоматы!$D$54,AV9,IF($W9=автоматы!$D$55,AK9,IF($W9=автоматы!$D$56,BB9,IF($W9=автоматы!$D$57,AQ9,IF($W9=автоматы!$D$58,AX9,IF($W9=автоматы!$D$59,AM9,IF($W9=автоматы!$D$60,BD9,IF($W9=автоматы!$D$61,AQ9,IF($W9=автоматы!$D$62,AZ9,IF($W9=автоматы!$D$63,AO9,IF($W9=автоматы!$D$64,BF9,IF($W9=автоматы!$D$65,BJ9,IF($W9=автоматы!$D$66,BJ9,IF($W9=автоматы!$D$67,BM9,IF($W9=автоматы!$D$68,BO9,"др")))))))))))))))))))))))) -> 6 | BS9: =CONCATENATE(IF($W9=автоматы!$A$1,Y9,IF($W9=автоматы!$H$1,VLOOKUP(AA9,автоматы!$H$3:$K$17,3,0),IF($W9=автоматы!$N$1,VLOOKUP(AC9,автоматы!$N$3:$Q$19,3,0),IF($W9=автоматы!$S$17,AE9,IF($W9=автоматы!$Z$1,AG9,IF($W9=автоматы!$AE$1,AI9,"др"))))))," А") -> др А | BT9: =IF($W9=автоматы!$A$1,Y9*10,IF($W9=автоматы!$H$1,VLOOKUP(AA9,автоматы!$H$3:$K$17,4,0),IF($W9=автоматы!$N$1,VLOOKUP(AC9,автоматы!$N$3:$Q$19,4,0),IF($W9=автоматы!$S$17,AE9*10,IF($W9=автоматы!$Z$1,AG9*10,IF($W9=автоматы!$AE$1,AI9*10,"др")))))) -> др | BV9: ВВГнг(А)-LS | BW9: 1 | BX9: 3 | BY9: 1.5 | BZ9: =HLOOKUP(BV9,каталог!$CG$1:$CO$22,MATCH(BY9,каталог!$CF$1:$CF$22,0),0)*BW9 -> 19 | CA9: =CONCATENATE("н",C9,"") -> нЕК1 | CB9: =CONCATENATE(BV9," ",BX9,"x",BY9) -> ВВГнг(А)-LS 3x1,5
A10: 11 | B10: 100 | C10: ЕК2 | D10: Электрообогрев В1.1, В1.2 и Т96 (безнапорный слив из котельной) | E10: 220 | F10: L1 | G10: 0.5 | H10: =IF(E10<=230,(G10)/((E10/1000)*J10*(B10/100)),(G10)/(1.732*(E10/1000)*J10*(B10/100))) -> 2.2727273 | I10: 1 | J10: 1 | K10: =ROUND(SQRT(1-(J10)^2)/J10,2) -> 0 | L10: =I10*G10 -> 0.5 | M10: =I10*G10*K10 -> 0 | N10: =1*G10^2 -> 0.25 | U10: =16 -> 16 | V10: =7*H10 -> 15.909091 | W10: Ch_NB2LE | X10: 2Р | Y10: =IF(U10<=6,6,IF(U10<=10,10,IF(U10<=16,16,IF(U10<=20,20,IF(U10<=25,25,IF(U10<=32,32,IF(U10<=40,40,IF(U10<=50,50,IF(U10<=63,63,"др.выкл"))))))))) -> 16 | Z10: =INDEX(автоматы!$B$3:$D$11,MATCH(Y10,автоматы!$A$3:$A$11,0),MATCH(X10,кол_пол,0)) -> EZ9F34216 | AA10: =IF(U10<=0.16,0.16,IF(U10<=0.25,0.25,IF(U10<=0.4,0.4,IF(U10<=0.63,0.63,IF(U10<=1,1,IF(U10<=1.6,1.6,IF(U10<=2.5,2.5,IF(U10<=4,4,IF(U10<=6.3,6.3,IF(U10<=10,10,IF(U10<=14,14,IF(U10<=18,18,IF(U10<=23,23,IF(U10<=25,25,IF(U10<=32,32,"др.авт"))))))))))))))) -> 18 | AB10: =VLOOKUP(AA10,автоматы!$H$3:$I$17,2,0) -> GZ1 E20 | AC10: =IF(U10<=20,20,IF(U10<=25,25,IF(U10<=32,32,IF(U10<=40,40,IF(U10<=50,50,IF(U10<=63,63,IF(U10<=80,80,IF(U10<=100,100,IF(U10<=125,125,IF(U10<=160,160,IF(U10<=200,200,IF(U10<=250,250,IF(U10<=300,300,IF(U10<=320,320,IF(U10<=400,400,IF(U10<=500,500,IF(U10<=630,630,"др.авт"))))))))))))))))) -> 20 | AD10: =VLOOKUP(AC10,автоматы!$N$3:$O$19,2,0) -> LZMB1-A20-I | AE10: =IF(U10<=6,6,IF(U10<=10,10,IF(U10<=16,16,IF(U10<=20,20,IF(U10<=25,25,IF(U10<=32,32,IF(U10<=40,40,IF(U10<=50,50,IF(U10<=63,63,"др.выкл"))))))))) -> 16 | AF10: =INDEX(автоматы!$T$2:$V$15,MATCH(AE10,автоматы!$S$2:$S$15,0),MATCH(X10,автоматы!$T$1:$V$1,0)) -> iC60N C16 2P | AG10: =IF(U10<=6,6,IF(U10<=10,10,IF(U10<=16,16,IF(U10<=20,20,IF(U10<=25,25,IF(U10<=32,32,IF(U10<=40,40,"др.выкл"))))))) -> 16 | AH10: =VLOOKUP(AG10,автоматы!$Z$3:$AA$9,2,0) -> A9D31616 | AI10: =IF(U10<=15,15,IF(U10<=16,16,IF(U10<=20,20,IF(U10<=25,25,IF(U10<=32,32,IF(U10<=40,40,IF(U10<=45,45,IF(U10<=50,50,IF(U10<=60,60,IF(U10<=63,63,IF(U10<=75,75,IF(U10<=80,80,IF(U10<=100,100,IF(U10<=125,125,IF(U10<=150,150,IF(U10<=160,160,IF(U10<=175,175,IF(U10<=200,200,IF(U10<=225,225,IF(U10<=250,250,IF(U10<=320,320,IF(U10<=350,350,IF(U10<=400,400,"др.выкл"))))))))))))))))))))))) -> 16 | AJ10: =VLOOKUP(AI10,автоматы!$AE$3:$AF$26,2,0) -> EZC100F3016 | AK10: =IF(U10<=0.16,0.16,IF(U10<=0.25,0.25,IF(U10<=0.4,0.4,IF(U10<=0.63,0.63,IF(U10<=1,1,IF(U10<=1.6,1.6,IF(U10<=2.5,2.5,IF(U10<=4,4,IF(U10<=6.3,6.3,IF(U10<=10,10,IF(U10<=14,14,IF(U10<=18,18,IF(U10<=23,23,IF(U10<=25,25,IF(U10<=32,32,"др.авт"))))))))))))))) -> 18 | AL10: =VLOOKUP(AK10,DEKraft!$I$2:$J$16,2,0) -> 21231DEK | AM10: =IF(U10<=0.16,0.16,IF(U10<=0.25,0.25,IF(U10<=0.4,0.4,IF(U10<=0.63,0.63,IF(U10<=1,1,IF(U10<=1.6,1.6,IF(U10<=2.5,2.5,IF(U10<=4,4,IF(U10<=6.3,6.3,IF(U10<=10,10,IF(U10<=14,14,IF(U10<=18,18,IF(U10<=23,23,IF(U10<=25,25,IF(U10<=32,32,"др.авт"))))))))))))))) -> 18 | AN10: =VLOOKUP(AM10,systeme!$A$33:$B$47,2,0) -> GM2ME20 | AO10: =IF(U10<=0.16,0.16,IF(U10<=0.25,0.25,IF(U10<=0.4,0.4,IF(U10<=0.63,0.63,IF(U10<=1,1,IF(U10<=1.6,1.6,IF(U10<=2.5,2.5,IF(U10<=4,4,IF(U10<=6.3,6.3,IF(U10<=10,10,IF(U10<=14,14,IF(U10<=18,18,IF(U10<=23,23,IF(U10<=25,25,IF(U10<=32,32,"др.авт"))))))))))))))) -> 18 | AP10: =VLOOKUP(AO10,chint!$A$34:$B$48,2,0) -> 495083 | AQ10: =IF(U10<=6,6,IF(U10<=10,10,IF(U10<=16,16,IF(U10<=20,20,IF(U10<=25,25,IF(U10<=32,32,IF(U10<=40,40,IF(U10<=50,50,IF(U10<=63,63,"др.выкл"))))))))) -> 16 | AR10: =INDEX(DEKraft!$B$2:$D$13,MATCH(AQ10,DEKraft!$A$2:$A$13,0),MATCH(X10,DEKraft!$B$1:$D$1,0)) -> 13165DEK | AS10: =INDEX(DEKraft!$B$21:$D$32,MATCH(AQ10,DEKraft!$A$21:$A$32,0),MATCH(X10,DEKraft!$B$20:$D$20,0)) -> 12289DEK | AT10: =INDEX(systeme!$B$2:$D$10,MATCH(AQ10,systeme!$A$2:$A$10,0),MATCH(X10,systeme!$B$1:$D$1,0)) -> C9F36216 | AU10: =INDEX(chint!$B$2:$D$10,MATCH(AQ10,chint!$A$2:$A$10,0),MATCH(X10,chint!$B$1:$D$1,0)) -> 179658 | AV10: =IF(U10<=6,6,IF(U10<=10,10,IF(U10<=16,16,IF(U10<=20,20,IF(U10<=25,25,IF(U10<=32,32,IF(U10<=40,40,"др.выкл"))))))) -> 16 | AW10: =VLOOKUP(AV10,DEKraft!$A$41:$B$47,2,0) -> 16204DEK | AX10: =IF(U10<=10,10,IF(U10<=16,16,IF(U10<=20,20,IF(U10<=25,25,IF(U10<=32,32,IF(U10<=40,40,"др.выкл")))))) -> 16 | AY10: =VLOOKUP(AX10,systeme!$G$2:$H$7,2,0) -> C9D36616 | AZ10: =IF(U10<=6,6,IF(U10<=10,10,IF(U10<=16,16,IF(U10<=20,20,IF(U10<=25,25,IF(U10<=32,32,IF(U10<=40,40,"др.выкл"))))))) -> 16 | BA10: =VLOOKUP(AV10,chint!$G$2:$H$8,2,0) -> 689002 | BB10: =IF(U10<=25,25,IF(U10<=32,32,IF(U10<=40,40,IF(U10<=50,50,IF(U10<=63,63,IF(U10<=80,80,IF(U10<=100,100,IF(U10<=125,125,IF(U10<=140,140,IF(U10<=160,160,IF(U10<=200,200,IF(U10<=250,250,IF(U10<=320,320,IF(U10<=400,400,IF(U10<=500,500,IF(U10<=630,630,"др.выкл")))))))))))))))) -> 25 | BC10: =VLOOKUP(BB10,DEKraft!$I$21:$J$36,2,0) -> 28100DEK | BD10: =IF(U10<=16,16,IF(U10<=25,25,IF(U10<=32,32,IF(U10<=40,40,IF(U10<=50,50,IF(U10<=63,63,IF(U10<=80,80,IF(U10<=100,100,IF(U10<=125,125,IF(U10<=160,160,IF(U10<=200,200,IF(U10<=250,250,IF(U10<=400,400,IF(U10<=500,500,IF(U10<=600,600,"др.авт"))))))))))))))) -> 16 | BE10: =VLOOKUP(BD10,systeme!$A$16:$B$30,2,0) -> SPC100F016L3DF | BF10: =IF(U10<=16,16,IF(U10<=25,25,IF(U10<=32,32,IF(U10<=40,40,IF(U10<=50,50,IF(U10<=63,63,IF(U10<=80,80,IF(U10<=100,100,IF(U10<=125,125,IF(U10<=160,160,IF(U10<=200,200,IF(U10<=225,225,IF(U10<=250,250,IF(U10<=315,315,IF(U10<=350,350,IF(U10<=400,400,IF(U10<=500,500,IF(U10<=630,630,"др.выкл")))))))))))))))))) -> 16 | BG10: =VLOOKUP(BF10,chint!$A$14:$B$31,2,0) -> 271581 | BH10: =IF(U10<=6,6,IF(U10<=10,10,IF(U10<=16,16,IF(U10<=20,20,IF(U10<=25,25,IF(U10<=32,32,IF(U10<=40,40,IF(U10<=50,50,IF(U10<=63,63,"др.выкл"))))))))) -> 16 | BI10: =INDEX(КЭАЗ!$B$2:$E$14,MATCH(BH10,КЭАЗ!$A$2:$A$14,0),MATCH(X10,КЭАЗ!$B$1:$D$1,0)) -> kea.341920 | BJ10: =IF(U10<=6,6,IF(U10<=10,10,IF(U10<=16,16,IF(U10<=20,20,IF(U10<=25,25,IF(U10<=32,32,IF(U10<=40,40,IF(U10<=50,50,IF(U10<=63,63,IF(U10<=80,80,IF(U10<=100,100,IF(U10<=125,125,"др.выкл")))))))))))) -> 16 | BK10: =INDEX(hy!$B$2:$D$18,MATCH(BJ10,hy!$A$2:$A$18,0),MATCH(X10,hy!$B$1:$D$1,0)) -> HGD63M 2PMCS0000C 00016 | BL10: =VLOOKUP(BJ10,hy!$G$2:$H$15,2,0) -> HRO63M 1NG4С0000C00016G | BM10: =IF(U10<=0.16,0.16,IF(U10<=0.25,0.25,IF(U10<=0.4,0.4,IF(U10<=0.63,0.63,IF(U10<=1,1,IF(U10<=1.6,1.6,IF(U10<=2.5,2.5,IF(U10<=4,4,IF(U10<=6.3,6.3,IF(U10<=10,10,IF(U10<=14,14,IF(U10<=18,18,IF(U10<=23,23,IF(U10<=25,25,IF(U10<=32,32,"др.авт"))))))))))))))) -> 18 | BN10: =VLOOKUP(BM10,hy!$A$41:$B$55,2,0) -> MMS32K 0018 | BO10: =IF(U10<=100,100,IF(U10<=125,125,IF(U10<=150,150,IF(U10<=160,160,IF(U10<=175,175,IF(U10<=200,200,IF(U10<=225,225,IF(U10<=250,250,IF(U10<=300,300,IF(U10<=350,350,IF(U10<=400,400,IF(U10<=500,500,IF(U10<=630,630,IF(U10<=700,700,IF(U10<=800,800,"др.выкл"))))))))))))))) -> 100 | BP10: =VLOOKUP(BO10,hy!$A$21:$B$35,2,0) -> HGP100S-G 3PT4S0000C 00100H | BQ10: =IF($W10=автоматы!$D$45,Z10,IF($W10=автоматы!$D$46,AF10,IF($W10=автоматы!$D$47,AH10,IF($W10=автоматы!$D$48,AB10,IF($W10=автоматы!$D$49,AJ10,IF($W10=автоматы!$D$50,AD10,IF($W10=автоматы!$D$51,BI10,IF($W10=автоматы!$D$52,AR10,IF($W10=автоматы!$D$53,AS10,IF($W10=автоматы!$D$54,AW10,IF($W10=автоматы!$D$55,AL10,IF($W10=автоматы!$D$56,BC10,IF($W10=автоматы!$D$57,AT10,IF($W10=автоматы!$D$58,AY10,IF($W10=автоматы!$D$59,AN10,IF($W10=автоматы!$D$60,BE10,IF($W10=автоматы!$D$61,AU10,IF($W10=автоматы!$D$62,BA10,IF($W10=автоматы!$D$63,AP10,IF($W10=автоматы!$D$64,BG10,IF($W10=автоматы!$D$65,BK10,IF($W10=автоматы!$D$66,BL10,IF($W10=автоматы!$D$67,BN10,IF($W10=автоматы!$D$68,BP10,"др")))))))))))))))))))))))) -> 689002 | BR10: =IF($W10=автоматы!$D$45,Y10,IF($W10=автоматы!$D$46,AE10,IF($W10=автоматы!$D$47,AG10,IF($W10=автоматы!$D$48,AA10,IF($W10=автоматы!$D$49,AI10,IF($W10=автоматы!$D$50,AC10,IF($W10=автоматы!$D$51,BH10,IF($W10=автоматы!$D$52,AQ10,IF($W10=автоматы!$D$53,AQ10,IF($W10=автоматы!$D$54,AV10,IF($W10=автоматы!$D$55,AK10,IF($W10=автоматы!$D$56,BB10,IF($W10=автоматы!$D$57,AQ10,IF($W10=автоматы!$D$58,AX10,IF($W10=автоматы!$D$59,AM10,IF($W10=автоматы!$D$60,BD10,IF($W10=автоматы!$D$61,AQ10,IF($W10=автоматы!$D$62,AZ10,IF($W10=автоматы!$D$63,AO10,IF($W10=автоматы!$D$64,BF10,IF($W10=автоматы!$D$65,BJ10,IF($W10=автоматы!$D$66,BJ10,IF($W10=автоматы!$D$67,BM10,IF($W10=автоматы!$D$68,BO10,"др")))))))))))))))))))))))) -> 16 | BS10: =CONCATENATE(IF($W10=автоматы!$A$1,Y10,IF($W10=автоматы!$H$1,VLOOKUP(AA10,автоматы!$H$3:$K$17,3,0),IF($W10=автоматы!$N$1,VLOOKUP(AC10,автоматы!$N$3:$Q$19,3,0),IF($W10=автоматы!$S$17,AE10,IF($W10=автоматы!$Z$1,AG10,IF($W10=автоматы!$AE$1,AI10,"др"))))))," А") -> др А | BT10: =IF($W10=автоматы!$A$1,Y10*10,IF($W10=автоматы!$H$1,VLOOKUP(AA10,автоматы!$H$3:$K$17,4,0),IF($W10=автоматы!$N$1,VLOOKUP(AC10,автоматы!$N$3:$Q$19,4,0),IF($W10=автоматы!$S$17,AE10*10,IF($W10=автоматы!$Z$1,AG10*10,IF($W10=автоматы!$AE$1,AI10*10,"др")))))) -> др | BV10: ВВГнг(А)-LS | BW10: 1 | BX10: 3 | BY10: 1.5 | BZ10: =HLOOKUP(BV10,каталог!$CG$1:$CO$22,MATCH(BY10,каталог!$CF$1:$CF$22,0),0)*BW10 -> 19 | CA10: =CONCATENATE("н",C10,"") -> нЕК2 | CB10: =CONCATENATE(BV10," ",BX10,"x",BY10) -> ВВГнг(А)-LS 3x1,5
A11: 11 | B11: 100 | C11: ХВО | D11: ХВО | E11: 220 | F11: L2 | G11: 0.5 | H11: =IF(E11<=230,(G11)/((E11/1000)*J11*(B11/100)),(G11)/(1.732*(E11/1000)*J11*(B11/100))) -> 2.2727273 | I11: 1 | J11: 1 | K11: =ROUND(SQRT(1-(J11)^2)/J11,2) -> 0 | L11: =I11*G11 -> 0.5 | M11: =I11*G11*K11 -> 0 | N11: =1*G11^2 -> 0.25 | U11: =H11*1.2 -> 2.7272727 | V11: =7*H11 -> 15.909091 | W11: Ch_NB2LE | X11: 2Р | Y11: =IF(U11<=6,6,IF(U11<=10,10,IF(U11<=16,16,IF(U11<=20,20,IF(U11<=25,25,IF(U11<=32,32,IF(U11<=40,40,IF(U11<=50,50,IF(U11<=63,63,"др.выкл"))))))))) -> 6 | Z11: =INDEX(автоматы!$B$3:$D$11,MATCH(Y11,автоматы!$A$3:$A$11,0),MATCH(X11,кол_пол,0)) -> EZ9F34206 | AA11: =IF(U11<=0.16,0.16,IF(U11<=0.25,0.25,IF(U11<=0.4,0.4,IF(U11<=0.63,0.63,IF(U11<=1,1,IF(U11<=1.6,1.6,IF(U11<=2.5,2.5,IF(U11<=4,4,IF(U11<=6.3,6.3,IF(U11<=10,10,IF(U11<=14,14,IF(U11<=18,18,IF(U11<=23,23,IF(U11<=25,25,IF(U11<=32,32,"др.авт"))))))))))))))) -> 4 | AB11: =VLOOKUP(AA11,автоматы!$H$3:$I$17,2,0) -> GZ1 E08 | AC11: =IF(U11<=20,20,IF(U11<=25,25,IF(U11<=32,32,IF(U11<=40,40,IF(U11<=50,50,IF(U11<=63,63,IF(U11<=80,80,IF(U11<=100,100,IF(U11<=125,125,IF(U11<=160,160,IF(U11<=200,200,IF(U11<=250,250,IF(U11<=300,300,IF(U11<=320,320,IF(U11<=400,400,IF(U11<=500,500,IF(U11<=630,630,"др.авт"))))))))))))))))) -> 20 | AD11: =VLOOKUP(AC11,автоматы!$N$3:$O$19,2,0) -> LZMB1-A20-I | AE11: =IF(U11<=6,6,IF(U11<=10,10,IF(U11<=16,16,IF(U11<=20,20,IF(U11<=25,25,IF(U11<=32,32,IF(U11<=40,40,IF(U11<=50,50,IF(U11<=63,63,"др.выкл"))))))))) -> 6 | AF11: =INDEX(автоматы!$T$2:$V$15,MATCH(AE11,автоматы!$S$2:$S$15,0),MATCH(X11,автоматы!$T$1:$V$1,0)) -> iC60N C6 2P | AG11: =IF(U11<=6,6,IF(U11<=10,10,IF(U11<=16,16,IF(U11<=20,20,IF(U11<=25,25,IF(U11<=32,32,IF(U11<=40,40,"др.выкл"))))))) -> 6 | AH11: =VLOOKUP(AG11,автоматы!$Z$3:$AA$9,2,0) -> A9D31606 | AI11: =IF(U11<=15,15,IF(U11<=16,16,IF(U11<=20,20,IF(U11<=25,25,IF(U11<=32,32,IF(U11<=40,40,IF(U11<=45,45,IF(U11<=50,50,IF(U11<=60,60,IF(U11<=63,63,IF(U11<=75,75,IF(U11<=80,80,IF(U11<=100,100,IF(U11<=125,125,IF(U11<=150,150,IF(U11<=160,160,IF(U11<=175,175,IF(U11<=200,200,IF(U11<=225,225,IF(U11<=250,250,IF(U11<=320,320,IF(U11<=350,350,IF(U11<=400,400,"др.выкл"))))))))))))))))))))))) -> 15 | AJ11: =VLOOKUP(AI11,автоматы!$AE$3:$AF$26,2,0) -> EZC100F3015 | AK11: =IF(U11<=0.16,0.16,IF(U11<=0.25,0.25,IF(U11<=0.4,0.4,IF(U11<=0.63,0.63,IF(U11<=1,1,IF(U11<=1.6,1.6,IF(U11<=2.5,2.5,IF(U11<=4,4,IF(U11<=6.3,6.3,IF(U11<=10,10,IF(U11<=14,14,IF(U11<=18,18,IF(U11<=23,23,IF(U11<=25,25,IF(U11<=32,32,"др.авт"))))))))))))))) -> 4 | AL11: =VLOOKUP(AK11,DEKraft!$I$2:$J$16,2,0) -> 21227DEK | AM11: =IF(U11<=0.16,0.16,IF(U11<=0.25,0.25,IF(U11<=0.4,0.4,IF(U11<=0.63,0.63,IF(U11<=1,1,IF(U11<=1.6,1.6,IF(U11<=2.5,2.5,IF(U11<=4,4,IF(U11<=6.3,6.3,IF(U11<=10,10,IF(U11<=14,14,IF(U11<=18,18,IF(U11<=23,23,IF(U11<=25,25,IF(U11<=32,32,"др.авт"))))))))))))))) -> 4 | AN11: =VLOOKUP(AM11,systeme!$A$33:$B$47,2,0) -> GM2ME08 | AO11: =IF(U11<=0.16,0.16,IF(U11<=0.25,0.25,IF(U11<=0.4,0.4,IF(U11<=0.63,0.63,IF(U11<=1,1,IF(U11<=1.6,1.6,IF(U11<=2.5,2.5,IF(U11<=4,4,IF(U11<=6.3,6.3,IF(U11<=10,10,IF(U11<=14,14,IF(U11<=18,18,IF(U11<=23,23,IF(U11<=25,25,IF(U11<=32,32,"др.авт"))))))))))))))) -> 4 | AP11: =VLOOKUP(AO11,chint!$A$34:$B$48,2,0) -> 495079 | AQ11: =IF(U11<=6,6,IF(U11<=10,10,IF(U11<=16,16,IF(U11<=20,20,IF(U11<=25,25,IF(U11<=32,32,IF(U11<=40,40,IF(U11<=50,50,IF(U11<=63,63,"др.выкл"))))))))) -> 6 | AR11: =INDEX(DEKraft!$B$2:$D$13,MATCH(AQ11,DEKraft!$A$2:$A$13,0),MATCH(X11,DEKraft!$B$1:$D$1,0)) -> 13163DEK | AS11: =INDEX(DEKraft!$B$21:$D$32,MATCH(AQ11,DEKraft!$A$21:$A$32,0),MATCH(X11,DEKraft!$B$20:$D$20,0)) -> 12285DEK | AT11: =INDEX(systeme!$B$2:$D$10,MATCH(AQ11,systeme!$A$2:$A$10,0),MATCH(X11,systeme!$B$1:$D$1,0)) -> C9F36206 | AU11: =INDEX(chint!$B$2:$D$10,MATCH(AQ11,chint!$A$2:$A$10,0),MATCH(X11,chint!$B$1:$D$1,0)) -> 179667 | AV11: =IF(U11<=6,6,IF(U11<=10,10,IF(U11<=16,16,IF(U11<=20,20,IF(U11<=25,25,IF(U11<=32,32,IF(U11<=40,40,"др.выкл"))))))) -> 6 | AW11: =VLOOKUP(AV11,DEKraft!$A$41:$B$47,2,0) -> 16202DEK | AX11: =IF(U11<=10,10,IF(U11<=16,16,IF(U11<=20,20,IF(U11<=25,25,IF(U11<=32,32,IF(U11<=40,40,"др.выкл")))))) -> 10 | AY11: =VLOOKUP(AX11,systeme!$G$2:$H$7,2,0) -> C9D36610 | AZ11: =IF(U11<=6,6,IF(U11<=10,10,IF(U11<=16,16,IF(U11<=20,20,IF(U11<=25,25,IF(U11<=32,32,IF(U11<=40,40,"др.выкл"))))))) -> 6 | BA11: =VLOOKUP(AV11,chint!$G$2:$H$8,2,0) -> 689000 | BB11: =IF(U11<=25,25,IF(U11<=32,32,IF(U11<=40,40,IF(U11<=50,50,IF(U11<=63,63,IF(U11<=80,80,IF(U11<=100,100,IF(U11<=125,125,IF(U11<=140,140,IF(U11<=160,160,IF(U11<=200,200,IF(U11<=250,250,IF(U11<=320,320,IF(U11<=400,400,IF(U11<=500,500,IF(U11<=630,630,"др.выкл")))))))))))))))) -> 25 | BC11: =VLOOKUP(BB11,DEKraft!$I$21:$J$36,2,0) -> 28100DEK | BD11: =IF(U11<=16,16,IF(U11<=25,25,IF(U11<=32,32,IF(U11<=40,40,IF(U11<=50,50,IF(U11<=63,63,IF(U11<=80,80,IF(U11<=100,100,IF(U11<=125,125,IF(U11<=160,160,IF(U11<=200,200,IF(U11<=250,250,IF(U11<=400,400,IF(U11<=500,500,IF(U11<=600,600,"др.авт"))))))))))))))) -> 16 | BE11: =VLOOKUP(BD11,systeme!$A$16:$B$30,2,0) -> SPC100F016L3DF | BF11: =IF(U11<=16,16,IF(U11<=25,25,IF(U11<=32,32,IF(U11<=40,40,IF(U11<=50,50,IF(U11<=63,63,IF(U11<=80,80,IF(U11<=100,100,IF(U11<=125,125,IF(U11<=160,160,IF(U11<=200,200,IF(U11<=225,225,IF(U11<=250,250,IF(U11<=315,315,IF(U11<=350,350,IF(U11<=400,400,IF(U11<=500,500,IF(U11<=630,630,"др.выкл")))))))))))))))))) -> 16 | BG11: =VLOOKUP(BF11,chint!$A$14:$B$31,2,0) -> 271581 | BH11: =IF(U11<=6,6,IF(U11<=10,10,IF(U11<=16,16,IF(U11<=20,20,IF(U11<=25,25,IF(U11<=32,32,IF(U11<=40,40,IF(U11<=50,50,IF(U11<=63,63,"др.выкл"))))))))) -> 6 | BI11: =INDEX(КЭАЗ!$B$2:$E$14,MATCH(BH11,КЭАЗ!$A$2:$A$14,0),MATCH(X11,КЭАЗ!$B$1:$D$1,0)) -> kea.341916 | BJ11: =IF(U11<=6,6,IF(U11<=10,10,IF(U11<=16,16,IF(U11<=20,20,IF(U11<=25,25,IF(U11<=32,32,IF(U11<=40,40,IF(U11<=50,50,IF(U11<=63,63,IF(U11<=80,80,IF(U11<=100,100,IF(U11<=125,125,"др.выкл")))))))))))) -> 6 | BK11: =INDEX(hy!$B$2:$D$18,MATCH(BJ11,hy!$A$2:$A$18,0),MATCH(X11,hy!$B$1:$D$1,0)) -> HGD63M 2PMCS0000C 00006 | BL11: =VLOOKUP(BJ11,hy!$G$2:$H$15,2,0) -> HRO63M 1NG4С0000C00006G | BM11: =IF(U11<=0.16,0.16,IF(U11<=0.25,0.25,IF(U11<=0.4,0.4,IF(U11<=0.63,0.63,IF(U11<=1,1,IF(U11<=1.6,1.6,IF(U11<=2.5,2.5,IF(U11<=4,4,IF(U11<=6.3,6.3,IF(U11<=10,10,IF(U11<=14,14,IF(U11<=18,18,IF(U11<=23,23,IF(U11<=25,25,IF(U11<=32,32,"др.авт"))))))))))))))) -> 4 | BN11: =VLOOKUP(BM11,hy!$A$41:$B$55,2,0) -> MMS32K 0004 | BO11: =IF(U11<=100,100,IF(U11<=125,125,IF(U11<=150,150,IF(U11<=160,160,IF(U11<=175,175,IF(U11<=200,200,IF(U11<=225,225,IF(U11<=250,250,IF(U11<=300,300,IF(U11<=350,350,IF(U11<=400,400,IF(U11<=500,500,IF(U11<=630,630,IF(U11<=700,700,IF(U11<=800,800,"др.выкл"))))))))))))))) -> 100 | BP11: =VLOOKUP(BO11,hy!$A$21:$B$35,2,0) -> HGP100S-G 3PT4S0000C 00100H | BQ11: =IF($W11=автоматы!$D$45,Z11,IF($W11=автоматы!$D$46,AF11,IF($W11=автоматы!$D$47,AH11,IF($W11=автоматы!$D$48,AB11,IF($W11=автоматы!$D$49,AJ11,IF($W11=автоматы!$D$50,AD11,IF($W11=автоматы!$D$51,BI11,IF($W11=автоматы!$D$52,AR11,IF($W11=автоматы!$D$53,AS11,IF($W11=автоматы!$D$54,AW11,IF($W11=автоматы!$D$55,AL11,IF($W11=автоматы!$D$56,BC11,IF($W11=автоматы!$D$57,AT11,IF($W11=автоматы!$D$58,AY11,IF($W11=автоматы!$D$59,AN11,IF($W11=автоматы!$D$60,BE11,IF($W11=автоматы!$D$61,AU11,IF($W11=автоматы!$D$62,BA11,IF($W11=автоматы!$D$63,AP11,IF($W11=автоматы!$D$64,BG11,IF($W11=автоматы!$D$65,BK11,IF($W11=автоматы!$D$66,BL11,IF($W11=автоматы!$D$67,BN11,IF($W11=автоматы!$D$68,BP11,"др")))))))))))))))))))))))) -> 689000 | BR11: =IF($W11=автоматы!$D$45,Y11,IF($W11=автоматы!$D$46,AE11,IF($W11=автоматы!$D$47,AG11,IF($W11=автоматы!$D$48,AA11,IF($W11=автоматы!$D$49,AI11,IF($W11=автоматы!$D$50,AC11,IF($W11=автоматы!$D$51,BH11,IF($W11=автоматы!$D$52,AQ11,IF($W11=автоматы!$D$53,AQ11,IF($W11=автоматы!$D$54,AV11,IF($W11=автоматы!$D$55,AK11,IF($W11=автоматы!$D$56,BB11,IF($W11=автоматы!$D$57,AQ11,IF($W11=автоматы!$D$58,AX11,IF($W11=автоматы!$D$59,AM11,IF($W11=автоматы!$D$60,BD11,IF($W11=автоматы!$D$61,AQ11,IF($W11=автоматы!$D$62,AZ11,IF($W11=автоматы!$D$63,AO11,IF($W11=автоматы!$D$64,BF11,IF($W11=автоматы!$D$65,BJ11,IF($W11=автоматы!$D$66,BJ11,IF($W11=автоматы!$D$67,BM11,IF($W11=автоматы!$D$68,BO11,"др")))))))))))))))))))))))) -> 6 | BS11: =CONCATENATE(IF($W11=автоматы!$A$1,Y11,IF($W11=автоматы!$H$1,VLOOKUP(AA11,автоматы!$H$3:$K$17,3,0),IF($W11=автоматы!$N$1,VLOOKUP(AC11,автоматы!$N$3:$Q$19,3,0),IF($W11=автоматы!$S$17,AE11,IF($W11=автоматы!$Z$1,AG11,IF($W11=автоматы!$AE$1,AI11,"др"))))))," А") -> др А | BT11: =IF($W11=автоматы!$A$1,Y11*10,IF($W11=автоматы!$H$1,VLOOKUP(AA11,автоматы!$H$3:$K$17,4,0),IF($W11=автоматы!$N$1,VLOOKUP(AC11,автоматы!$N$3:$Q$19,4,0),IF($W11=автоматы!$S$17,AE11*10,IF($W11=автоматы!$Z$1,AG11*10,IF($W11=автоматы!$AE$1,AI11*10,"др")))))) -> др | BV11: ВВГнг(А)-LS | BW11: 1 | BX11: 3 | BY11: 1.5 | BZ11: =HLOOKUP(BV11,каталог!$CG$1:$CO$22,MATCH(BY11,каталог!$CF$1:$CF$22,0),0)*BW11 -> 19 | CA11: =CONCATENATE("н",C11,"") -> нХВО | CB11: =CONCATENATE(BV11," ",BX11,"x",BY11) -> ВВГнг(А)-LS 3x1,5
A12: 11 | B12: 100 | C12: Гр.1 | D12: Рабочее освещение группа 1 | E12: 220 | F12: L3 | G12: 0.5 | H12: =IF(E12<=230,(G12)/((E12/1000)*J12*(B12/100)),(G12)/(1.732*(E12/1000)*J12*(B12/100))) -> 2.2727273 | I12: 1 | J12: 1 | K12: =ROUND(SQRT(1-(J12)^2)/J12,2) -> 0 | L12: =I12*G12 -> 0.5 | M12: =I12*G12*K12 -> 0 | N12: =1*G12^2 -> 0.25 | U12: =H12*1.2 -> 2.7272727 | V12: =7*H12 -> 15.909091 | W12: Ch_NB1-63 | X12: 1Р | Y12: =IF(U12<=6,6,IF(U12<=10,10,IF(U12<=16,16,IF(U12<=20,20,IF(U12<=25,25,IF(U12<=32,32,IF(U12<=40,40,IF(U12<=50,50,IF(U12<=63,63,"др.выкл"))))))))) -> 6 | Z12: =INDEX(автоматы!$B$3:$D$11,MATCH(Y12,автоматы!$A$3:$A$11,0),MATCH(X12,кол_пол,0)) -> EZ9F34106 | AA12: =IF(U12<=0.16,0.16,IF(U12<=0.25,0.25,IF(U12<=0.4,0.4,IF(U12<=0.63,0.63,IF(U12<=1,1,IF(U12<=1.6,1.6,IF(U12<=2.5,2.5,IF(U12<=4,4,IF(U12<=6.3,6.3,IF(U12<=10,10,IF(U12<=14,14,IF(U12<=18,18,IF(U12<=23,23,IF(U12<=25,25,IF(U12<=32,32,"др.авт"))))))))))))))) -> 4 | AB12: =VLOOKUP(AA12,автоматы!$H$3:$I$17,2,0) -> GZ1 E08 | AC12: =IF(U12<=20,20,IF(U12<=25,25,IF(U12<=32,32,IF(U12<=40,40,IF(U12<=50,50,IF(U12<=63,63,IF(U12<=80,80,IF(U12<=100,100,IF(U12<=125,125,IF(U12<=160,160,IF(U12<=200,200,IF(U12<=250,250,IF(U12<=300,300,IF(U12<=320,320,IF(U12<=400,400,IF(U12<=500,500,IF(U12<=630,630,"др.авт"))))))))))))))))) -> 20 | AD12: =VLOOKUP(AC12,автоматы!$N$3:$O$19,2,0) -> LZMB1-A20-I | AE12: =IF(U12<=6,6,IF(U12<=10,10,IF(U12<=16,16,IF(U12<=20,20,IF(U12<=25,25,IF(U12<=32,32,IF(U12<=40,40,IF(U12<=50,50,IF(U12<=63,63,"др.выкл"))))))))) -> 6 | AF12: =INDEX(автоматы!$T$2:$V$15,MATCH(AE12,автоматы!$S$2:$S$15,0),MATCH(X12,автоматы!$T$1:$V$1,0)) -> iC60N C6 1P | AG12: =IF(U12<=6,6,IF(U12<=10,10,IF(U12<=16,16,IF(U12<=20,20,IF(U12<=25,25,IF(U12<=32,32,IF(U12<=40,40,"др.выкл"))))))) -> 6 | AH12: =VLOOKUP(AG12,автоматы!$Z$3:$AA$9,2,0) -> A9D31606 | AI12: =IF(U12<=15,15,IF(U12<=16,16,IF(U12<=20,20,IF(U12<=25,25,IF(U12<=32,32,IF(U12<=40,40,IF(U12<=45,45,IF(U12<=50,50,IF(U12<=60,60,IF(U12<=63,63,IF(U12<=75,75,IF(U12<=80,80,IF(U12<=100,100,IF(U12<=125,125,IF(U12<=150,150,IF(U12<=160,160,IF(U12<=175,175,IF(U12<=200,200,IF(U12<=225,225,IF(U12<=250,250,IF(U12<=320,320,IF(U12<=350,350,IF(U12<=400,400,"др.выкл"))))))))))))))))))))))) -> 15 | AJ12: =VLOOKUP(AI12,автоматы!$AE$3:$AF$26,2,0) -> EZC100F3015 | AK12: =IF(U12<=0.16,0.16,IF(U12<=0.25,0.25,IF(U12<=0.4,0.4,IF(U12<=0.63,0.63,IF(U12<=1,1,IF(U12<=1.6,1.6,IF(U12<=2.5,2.5,IF(U12<=4,4,IF(U12<=6.3,6.3,IF(U12<=10,10,IF(U12<=14,14,IF(U12<=18,18,IF(U12<=23,23,IF(U12<=25,25,IF(U12<=32,32,"др.авт"))))))))))))))) -> 4 | AL12: =VLOOKUP(AK12,DEKraft!$I$2:$J$16,2,0) -> 21227DEK | AM12: =IF(U12<=0.16,0.16,IF(U12<=0.25,0.25,IF(U12<=0.4,0.4,IF(U12<=0.63,0.63,IF(U12<=1,1,IF(U12<=1.6,1.6,IF(U12<=2.5,2.5,IF(U12<=4,4,IF(U12<=6.3,6.3,IF(U12<=10,10,IF(U12<=14,14,IF(U12<=18,18,IF(U12<=23,23,IF(U12<=25,25,IF(U12<=32,32,"др.авт"))))))))))))))) -> 4 | AN12: =VLOOKUP(AM12,systeme!$A$33:$B$47,2,0) -> GM2ME08 | AO12: =IF(U12<=0.16,0.16,IF(U12<=0.25,0.25,IF(U12<=0.4,0.4,IF(U12<=0.63,0.63,IF(U12<=1,1,IF(U12<=1.6,1.6,IF(U12<=2.5,2.5,IF(U12<=4,4,IF(U12<=6.3,6.3,IF(U12<=10,10,IF(U12<=14,14,IF(U12<=18,18,IF(U12<=23,23,IF(U12<=25,25,IF(U12<=32,32,"др.авт"))))))))))))))) -> 4 | AP12: =VLOOKUP(AO12,chint!$A$34:$B$48,2,0) -> 495079 | AQ12: =IF(U12<=6,6,IF(U12<=10,10,IF(U12<=16,16,IF(U12<=20,20,IF(U12<=25,25,IF(U12<=32,32,IF(U12<=40,40,IF(U12<=50,50,IF(U12<=63,63,"др.выкл"))))))))) -> 6 | AR12: =INDEX(DEKraft!$B$2:$D$13,MATCH(AQ12,DEKraft!$A$2:$A$13,0),MATCH(X12,DEKraft!$B$1:$D$1,0)) -> 13151DEK | AS12: =INDEX(DEKraft!$B$21:$D$32,MATCH(AQ12,DEKraft!$A$21:$A$32,0),MATCH(X12,DEKraft!$B$20:$D$20,0)) -> 12269DEK | AT12: =INDEX(systeme!$B$2:$D$10,MATCH(AQ12,systeme!$A$2:$A$10,0),MATCH(X12,systeme!$B$1:$D$1,0)) -> C9F36106 | AU12: =INDEX(chint!$B$2:$D$10,MATCH(AQ12,chint!$A$2:$A$10,0),MATCH(X12,chint!$B$1:$D$1,0)) -> 179625 | AV12: =IF(U12<=6,6,IF(U12<=10,10,IF(U12<=16,16,IF(U12<=20,20,IF(U12<=25,25,IF(U12<=32,32,IF(U12<=40,40,"др.выкл"))))))) -> 6 | AW12: =VLOOKUP(AV12,DEKraft!$A$41:$B$47,2,0) -> 16202DEK | AX12: =IF(U12<=10,10,IF(U12<=16,16,IF(U12<=20,20,IF(U12<=25,25,IF(U12<=32,32,IF(U12<=40,40,"др.выкл")))))) -> 10 | AY12: =VLOOKUP(AX12,systeme!$G$2:$H$7,2,0) -> C9D36610 | AZ12: =IF(U12<=6,6,IF(U12<=10,10,IF(U12<=16,16,IF(U12<=20,20,IF(U12<=25,25,IF(U12<=32,32,IF(U12<=40,40,"др.выкл"))))))) -> 6 | BA12: =VLOOKUP(AV12,chint!$G$2:$H$8,2,0) -> 689000 | BB12: =IF(U12<=25,25,IF(U12<=32,32,IF(U12<=40,40,IF(U12<=50,50,IF(U12<=63,63,IF(U12<=80,80,IF(U12<=100,100,IF(U12<=125,125,IF(U12<=140,140,IF(U12<=160,160,IF(U12<=200,200,IF(U12<=250,250,IF(U12<=320,320,IF(U12<=400,400,IF(U12<=500,500,IF(U12<=630,630,"др.выкл")))))))))))))))) -> 25 | BC12: =VLOOKUP(BB12,DEKraft!$I$21:$J$36,2,0) -> 28100DEK | BD12: =IF(U12<=16,16,IF(U12<=25,25,IF(U12<=32,32,IF(U12<=40,40,IF(U12<=50,50,IF(U12<=63,63,IF(U12<=80,80,IF(U12<=100,100,IF(U12<=125,125,IF(U12<=160,160,IF(U12<=200,200,IF(U12<=250,250,IF(U12<=400,400,IF(U12<=500,500,IF(U12<=600,600,"др.авт"))))))))))))))) -> 16 | BE12: =VLOOKUP(BD12,systeme!$A$16:$B$30,2,0) -> SPC100F016L3DF | BF12: =IF(U12<=16,16,IF(U12<=25,25,IF(U12<=32,32,IF(U12<=40,40,IF(U12<=50,50,IF(U12<=63,63,IF(U12<=80,80,IF(U12<=100,100,IF(U12<=125,125,IF(U12<=160,160,IF(U12<=200,200,IF(U12<=225,225,IF(U12<=250,250,IF(U12<=315,315,IF(U12<=350,350,IF(U12<=400,400,IF(U12<=500,500,IF(U12<=630,630,"др.выкл")))))))))))))))))) -> 16 | BG12: =VLOOKUP(BF12,chint!$A$14:$B$31,2,0) -> 271581 | BH12: =IF(U12<=6,6,IF(U12<=10,10,IF(U12<=16,16,IF(U12<=20,20,IF(U12<=25,25,IF(U12<=32,32,IF(U12<=40,40,IF(U12<=50,50,IF(U12<=63,63,"др.выкл"))))))))) -> 6 | BI12: =INDEX(КЭАЗ!$B$2:$E$14,MATCH(BH12,КЭАЗ!$A$2:$A$14,0),MATCH(X12,КЭАЗ!$B$1:$D$1,0)) -> kea.341877 | BJ12: =IF(U12<=6,6,IF(U12<=10,10,IF(U12<=16,16,IF(U12<=20,20,IF(U12<=25,25,IF(U12<=32,32,IF(U12<=40,40,IF(U12<=50,50,IF(U12<=63,63,IF(U12<=80,80,IF(U12<=100,100,IF(U12<=125,125,"др.выкл")))))))))))) -> 6 | BK12: =INDEX(hy!$B$2:$D$18,MATCH(BJ12,hy!$A$2:$A$18,0),MATCH(X12,hy!$B$1:$D$1,0)) -> HGD63M 1PMCS0000C 00006 | BL12: =VLOOKUP(BJ12,hy!$G$2:$H$15,2,0) -> HRO63M 1NG4С0000C00006G | BM12: =IF(U12<=0.16,0.16,IF(U12<=0.25,0.25,IF(U12<=0.4,0.4,IF(U12<=0.63,0.63,IF(U12<=1,1,IF(U12<=1.6,1.6,IF(U12<=2.5,2.5,IF(U12<=4,4,IF(U12<=6.3,6.3,IF(U12<=10,10,IF(U12<=14,14,IF(U12<=18,18,IF(U12<=23,23,IF(U12<=25,25,IF(U12<=32,32,"др.авт"))))))))))))))) -> 4 | BN12: =VLOOKUP(BM12,hy!$A$41:$B$55,2,0) -> MMS32K 0004 | BO12: =IF(U12<=100,100,IF(U12<=125,125,IF(U12<=150,150,IF(U12<=160,160,IF(U12<=175,175,IF(U12<=200,200,IF(U12<=225,225,IF(U12<=250,250,IF(U12<=300,300,IF(U12<=350,350,IF(U12<=400,400,IF(U12<=500,500,IF(U12<=630,630,IF(U12<=700,700,IF(U12<=800,800,"др.выкл"))))))))))))))) -> 100 | BP12: =VLOOKUP(BO12,hy!$A$21:$B$35,2,0) -> HGP100S-G 3PT4S0000C 00100H | BQ12: =IF($W12=автоматы!$D$45,Z12,IF($W12=автоматы!$D$46,AF12,IF($W12=автоматы!$D$47,AH12,IF($W12=автоматы!$D$48,AB12,IF($W12=автоматы!$D$49,AJ12,IF($W12=автоматы!$D$50,AD12,IF($W12=автоматы!$D$51,BI12,IF($W12=автоматы!$D$52,AR12,IF($W12=автоматы!$D$53,AS12,IF($W12=автоматы!$D$54,AW12,IF($W12=автоматы!$D$55,AL12,IF($W12=автоматы!$D$56,BC12,IF($W12=автоматы!$D$57,AT12,IF($W12=автоматы!$D$58,AY12,IF($W12=автоматы!$D$59,AN12,IF($W12=автоматы!$D$60,BE12,IF($W12=автоматы!$D$61,AU12,IF($W12=автоматы!$D$62,BA12,IF($W12=автоматы!$D$63,AP12,IF($W12=автоматы!$D$64,BG12,IF($W12=автоматы!$D$65,BK12,IF($W12=автоматы!$D$66,BL12,IF($W12=автоматы!$D$67,BN12,IF($W12=автоматы!$D$68,BP12,"др")))))))))))))))))))))))) -> 179625 | BR12: =IF($W12=автоматы!$D$45,Y12,IF($W12=автоматы!$D$46,AE12,IF($W12=автоматы!$D$47,AG12,IF($W12=автоматы!$D$48,AA12,IF($W12=автоматы!$D$49,AI12,IF($W12=автоматы!$D$50,AC12,IF($W12=автоматы!$D$51,BH12,IF($W12=автоматы!$D$52,AQ12,IF($W12=автоматы!$D$53,AQ12,IF($W12=автоматы!$D$54,AV12,IF($W12=автоматы!$D$55,AK12,IF($W12=автоматы!$D$56,BB12,IF($W12=автоматы!$D$57,AQ12,IF($W12=автоматы!$D$58,AX12,IF($W12=автоматы!$D$59,AM12,IF($W12=автоматы!$D$60,BD12,IF($W12=автоматы!$D$61,AQ12,IF($W12=автоматы!$D$62,AZ12,IF($W12=автоматы!$D$63,AO12,IF($W12=автоматы!$D$64,BF12,IF($W12=автоматы!$D$65,BJ12,IF($W12=автоматы!$D$66,BJ12,IF($W12=автоматы!$D$67,BM12,IF($W12=автоматы!$D$68,BO12,"др")))))))))))))))))))))))) -> 6 | BS12: =CONCATENATE(IF($W12=автоматы!$A$1,Y12,IF($W12=автоматы!$H$1,VLOOKUP(AA12,автоматы!$H$3:$K$17,3,0),IF($W12=автоматы!$N$1,VLOOKUP(AC12,автоматы!$N$3:$Q$19,3,0),IF($W12=автоматы!$S$17,AE12,IF($W12=автоматы!$Z$1,AG12,IF($W12=автоматы!$AE$1,AI12,"др"))))))," А") -> др А | BT12: =IF($W12=автоматы!$A$1,Y12*10,IF($W12=автоматы!$H$1,VLOOKUP(AA12,автоматы!$H$3:$K$17,4,0),IF($W12=автоматы!$N$1,VLOOKUP(AC12,автоматы!$N$3:$Q$19,4,0),IF($W12=автоматы!$S$17,AE12*10,IF($W12=автоматы!$Z$1,AG12*10,IF($W12=автоматы!$AE$1,AI12*10,"др")))))) -> др | BV12: ВВГнг(А)-LS | BW12: 1 | BX12: 3 | BY12: 1.5 | BZ12: =HLOOKUP(BV12,каталог!$CG$1:$CO$22,MATCH(BY12,каталог!$CF$1:$CF$22,0),0)*BW12 -> 19 | CA12: =CONCATENATE("н",C12,"") -> нГр.1 | CB12: =CONCATENATE(BV12," ",BX12,"x",BY12) -> ВВГнг(А)-LS 3x1,5
A13: 12 | B13: 100 | C13: Гр.2 | D13: Рабочее освещение группа 2 | E13: 220 | F13: L1 | G13: 0.25 | H13: =IF(E13<=230,(G13)/((E13/1000)*J13*(B13/100)),(G13)/(1.732*(E13/1000)*J13*(B13/100))) -> 1.1363636 | I13: 1 | J13: 1 | K13: =ROUND(SQRT(1-(J13)^2)/J13,2) -> 0 | L13: =I13*G13 -> 0.25 | M13: =I13*G13*K13 -> 0 | N13: =1*G13^2 -> 0.0625 | U13: =H13*1.2 -> 1.3636364 | V13: =7*H13 -> 7.9545455 | W13: Ch_NB1-63 | X13: 1Р | Y13: =IF(U13<=6,6,IF(U13<=10,10,IF(U13<=16,16,IF(U13<=20,20,IF(U13<=25,25,IF(U13<=32,32,IF(U13<=40,40,IF(U13<=50,50,IF(U13<=63,63,"др.выкл"))))))))) -> 6 | Z13: =INDEX(автоматы!$B$3:$D$11,MATCH(Y13,автоматы!$A$3:$A$11,0),MATCH(X13,кол_пол,0)) -> EZ9F34106 | AA13: =IF(U13<=0.16,0.16,IF(U13<=0.25,0.25,IF(U13<=0.4,0.4,IF(U13<=0.63,0.63,IF(U13<=1,1,IF(U13<=1.6,1.6,IF(U13<=2.5,2.5,IF(U13<=4,4,IF(U13<=6.3,6.3,IF(U13<=10,10,IF(U13<=14,14,IF(U13<=18,18,IF(U13<=23,23,IF(U13<=25,25,IF(U13<=32,32,"др.авт"))))))))))))))) -> 1.6 | AB13: =VLOOKUP(AA13,автоматы!$H$3:$I$17,2,0) -> GZ1 E06 | AC13: =IF(U13<=20,20,IF(U13<=25,25,IF(U13<=32,32,IF(U13<=40,40,IF(U13<=50,50,IF(U13<=63,63,IF(U13<=80,80,IF(U13<=100,100,IF(U13<=125,125,IF(U13<=160,160,IF(U13<=200,200,IF(U13<=250,250,IF(U13<=300,300,IF(U13<=320,320,IF(U13<=400,400,IF(U13<=500,500,IF(U13<=630,630,"др.авт"))))))))))))))))) -> 20 | AD13: =VLOOKUP(AC13,автоматы!$N$3:$O$19,2,0) -> LZMB1-A20-I | AE13: =IF(U13<=6,6,IF(U13<=10,10,IF(U13<=16,16,IF(U13<=20,20,IF(U13<=25,25,IF(U13<=32,32,IF(U13<=40,40,IF(U13<=50,50,IF(U13<=63,63,"др.выкл"))))))))) -> 6 | AF13: =INDEX(автоматы!$T$2:$V$15,MATCH(AE13,автоматы!$S$2:$S$15,0),MATCH(X13,автоматы!$T$1:$V$1,0)) -> iC60N C6 1P | AG13: =IF(U13<=6,6,IF(U13<=10,10,IF(U13<=16,16,IF(U13<=20,20,IF(U13<=25,25,IF(U13<=32,32,IF(U13<=40,40,"др.выкл"))))))) -> 6 | AH13: =VLOOKUP(AG13,автоматы!$Z$3:$AA$9,2,0) -> A9D31606 | AI13: =IF(U13<=15,15,IF(U13<=16,16,IF(U13<=20,20,IF(U13<=25,25,IF(U13<=32,32,IF(U13<=40,40,IF(U13<=45,45,IF(U13<=50,50,IF(U13<=60,60,IF(U13<=63,63,IF(U13<=75,75,IF(U13<=80,80,IF(U13<=100,100,IF(U13<=125,125,IF(U13<=150,150,IF(U13<=160,160,IF(U13<=175,175,IF(U13<=200,200,IF(U13<=225,225,IF(U13<=250,250,IF(U13<=320,320,IF(U13<=350,350,IF(U13<=400,400,"др.выкл"))))))))))))))))))))))) -> 15 | AJ13: =VLOOKUP(AI13,автоматы!$AE$3:$AF$26,2,0) -> EZC100F3015 | AK13: =IF(U13<=0.16,0.16,IF(U13<=0.25,0.25,IF(U13<=0.4,0.4,IF(U13<=0.63,0.63,IF(U13<=1,1,IF(U13<=1.6,1.6,IF(U13<=2.5,2.5,IF(U13<=4,4,IF(U13<=6.3,6.3,IF(U13<=10,10,IF(U13<=14,14,IF(U13<=18,18,IF(U13<=23,23,IF(U13<=25,25,IF(U13<=32,32,"др.авт"))))))))))))))) -> 1.6 | AL13: =VLOOKUP(AK13,DEKraft!$I$2:$J$16,2,0) -> 21225DEK | AM13: =IF(U13<=0.16,0.16,IF(U13<=0.25,0.25,IF(U13<=0.4,0.4,IF(U13<=0.63,0.63,IF(U13<=1,1,IF(U13<=1.6,1.6,IF(U13<=2.5,2.5,IF(U13<=4,4,IF(U13<=6.3,6.3,IF(U13<=10,10,IF(U13<=14,14,IF(U13<=18,18,IF(U13<=23,23,IF(U13<=25,25,IF(U13<=32,32,"др.авт"))))))))))))))) -> 1.6 | AN13: =VLOOKUP(AM13,systeme!$A$33:$B$47,2,0) -> GM2ME06 | AO13: =IF(U13<=0.16,0.16,IF(U13<=0.25,0.25,IF(U13<=0.4,0.4,IF(U13<=0.63,0.63,IF(U13<=1,1,IF(U13<=1.6,1.6,IF(U13<=2.5,2.5,IF(U13<=4,4,IF(U13<=6.3,6.3,IF(U13<=10,10,IF(U13<=14,14,IF(U13<=18,18,IF(U13<=23,23,IF(U13<=25,25,IF(U13<=32,32,"др.авт"))))))))))))))) -> 1.6 | AP13: =VLOOKUP(AO13,chint!$A$34:$B$48,2,0) -> 495077 | AQ13: =IF(U13<=6,6,IF(U13<=10,10,IF(U13<=16,16,IF(U13<=20,20,IF(U13<=25,25,IF(U13<=32,32,IF(U13<=40,40,IF(U13<=50,50,IF(U13<=63,63,"др.выкл"))))))))) -> 6 | AR13: =INDEX(DEKraft!$B$2:$D$13,MATCH(AQ13,DEKraft!$A$2:$A$13,0),MATCH(X13,DEKraft!$B$1:$D$1,0)) -> 13151DEK | AS13: =INDEX(DEKraft!$B$21:$D$32,MATCH(AQ13,DEKraft!$A$21:$A$32,0),MATCH(X13,DEKraft!$B$20:$D$20,0)) -> 12269DEK | AT13: =INDEX(systeme!$B$2:$D$10,MATCH(AQ13,systeme!$A$2:$A$10,0),MATCH(X13,systeme!$B$1:$D$1,0)) -> C9F36106 | AU13: =INDEX(chint!$B$2:$D$10,MATCH(AQ13,chint!$A$2:$A$10,0),MATCH(X13,chint!$B$1:$D$1,0)) -> 179625 | AV13: =IF(U13<=6,6,IF(U13<=10,10,IF(U13<=16,16,IF(U13<=20,20,IF(U13<=25,25,IF(U13<=32,32,IF(U13<=40,40,"др.выкл"))))))) -> 6 | AW13: =VLOOKUP(AV13,DEKraft!$A$41:$B$47,2,0) -> 16202DEK | AX13: =IF(U13<=10,10,IF(U13<=16,16,IF(U13<=20,20,IF(U13<=25,25,IF(U13<=32,32,IF(U13<=40,40,"др.выкл")))))) -> 10 | AY13: =VLOOKUP(AX13,systeme!$G$2:$H$7,2,0) -> C9D36610 | AZ13: =IF(U13<=6,6,IF(U13<=10,10,IF(U13<=16,16,IF(U13<=20,20,IF(U13<=25,25,IF(U13<=32,32,IF(U13<=40,40,"др.выкл"))))))) -> 6 | BA13: =VLOOKUP(AV13,chint!$G$2:$H$8,2,0) -> 689000 | BB13: =IF(U13<=25,25,IF(U13<=32,32,IF(U13<=40,40,IF(U13<=50,50,IF(U13<=63,63,IF(U13<=80,80,IF(U13<=100,100,IF(U13<=125,125,IF(U13<=140,140,IF(U13<=160,160,IF(U13<=200,200,IF(U13<=250,250,IF(U13<=320,320,IF(U13<=400,400,IF(U13<=500,500,IF(U13<=630,630,"др.выкл")))))))))))))))) -> 25 | BC13: =VLOOKUP(BB13,DEKraft!$I$21:$J$36,2,0) -> 28100DEK | BD13: =IF(U13<=16,16,IF(U13<=25,25,IF(U13<=32,32,IF(U13<=40,40,IF(U13<=50,50,IF(U13<=63,63,IF(U13<=80,80,IF(U13<=100,100,IF(U13<=125,125,IF(U13<=160,160,IF(U13<=200,200,IF(U13<=250,250,IF(U13<=400,400,IF(U13<=500,500,IF(U13<=600,600,"др.авт"))))))))))))))) -> 16 | BE13: =VLOOKUP(BD13,systeme!$A$16:$B$30,2,0) -> SPC100F016L3DF | BF13: =IF(U13<=16,16,IF(U13<=25,25,IF(U13<=32,32,IF(U13<=40,40,IF(U13<=50,50,IF(U13<=63,63,IF(U13<=80,80,IF(U13<=100,100,IF(U13<=125,125,IF(U13<=160,160,IF(U13<=200,200,IF(U13<=225,225,IF(U13<=250,250,IF(U13<=315,315,IF(U13<=350,350,IF(U13<=400,400,IF(U13<=500,500,IF(U13<=630,630,"др.выкл")))))))))))))))))) -> 16 | BG13: =VLOOKUP(BF13,chint!$A$14:$B$31,2,0) -> 271581 | BH13: =IF(U13<=6,6,IF(U13<=10,10,IF(U13<=16,16,IF(U13<=20,20,IF(U13<=25,25,IF(U13<=32,32,IF(U13<=40,40,IF(U13<=50,50,IF(U13<=63,63,"др.выкл"))))))))) -> 6 | BI13: =INDEX(КЭАЗ!$B$2:$E$14,MATCH(BH13,КЭАЗ!$A$2:$A$14,0),MATCH(X13,КЭАЗ!$B$1:$D$1,0)) -> kea.341877 | BJ13: =IF(U13<=6,6,IF(U13<=10,10,IF(U13<=16,16,IF(U13<=20,20,IF(U13<=25,25,IF(U13<=32,32,IF(U13<=40,40,IF(U13<=50,50,IF(U13<=63,63,IF(U13<=80,80,IF(U13<=100,100,IF(U13<=125,125,"др.выкл")))))))))))) -> 6 | BK13: =INDEX(hy!$B$2:$D$18,MATCH(BJ13,hy!$A$2:$A$18,0),MATCH(X13,hy!$B$1:$D$1,0)) -> HGD63M 1PMCS0000C 00006 | BL13: =VLOOKUP(BJ13,hy!$G$2:$H$15,2,0) -> HRO63M 1NG4С0000C00006G | BM13: =IF(U13<=0.16,0.16,IF(U13<=0.25,0.25,IF(U13<=0.4,0.4,IF(U13<=0.63,0.63,IF(U13<=1,1,IF(U13<=1.6,1.6,IF(U13<=2.5,2.5,IF(U13<=4,4,IF(U13<=6.3,6.3,IF(U13<=10,10,IF(U13<=14,14,IF(U13<=18,18,IF(U13<=23,23,IF(U13<=25,25,IF(U13<=32,32,"др.авт"))))))))))))))) -> 1.6 | BN13: =VLOOKUP(BM13,hy!$A$41:$B$55,2,0) -> MMS32K 01P6 | BO13: =IF(U13<=100,100,IF(U13<=125,125,IF(U13<=150,150,IF(U13<=160,160,IF(U13<=175,175,IF(U13<=200,200,IF(U13<=225,225,IF(U13<=250,250,IF(U13<=300,300,IF(U13<=350,350,IF(U13<=400,400,IF(U13<=500,500,IF(U13<=630,630,IF(U13<=700,700,IF(U13<=800,800,"др.выкл"))))))))))))))) -> 100 | BP13: =VLOOKUP(BO13,hy!$A$21:$B$35,2,0) -> HGP100S-G 3PT4S0000C 00100H | BQ13: =IF($W13=автоматы!$D$45,Z13,IF($W13=автоматы!$D$46,AF13,IF($W13=автоматы!$D$47,AH13,IF($W13=автоматы!$D$48,AB13,IF($W13=автоматы!$D$49,AJ13,IF($W13=автоматы!$D$50,AD13,IF($W13=автоматы!$D$51,BI13,IF($W13=автоматы!$D$52,AR13,IF($W13=автоматы!$D$53,AS13,IF($W13=автоматы!$D$54,AW13,IF($W13=автоматы!$D$55,AL13,IF($W13=автоматы!$D$56,BC13,IF($W13=автоматы!$D$57,AT13,IF($W13=автоматы!$D$58,AY13,IF($W13=автоматы!$D$59,AN13,IF($W13=автоматы!$D$60,BE13,IF($W13=автоматы!$D$61,AU13,IF($W13=автоматы!$D$62,BA13,IF($W13=автоматы!$D$63,AP13,IF($W13=автоматы!$D$64,BG13,IF($W13=автоматы!$D$65,BK13,IF($W13=автоматы!$D$66,BL13,IF($W13=автоматы!$D$67,BN13,IF($W13=автоматы!$D$68,BP13,"др")))))))))))))))))))))))) -> 179625 | BR13: =IF($W13=автоматы!$D$45,Y13,IF($W13=автоматы!$D$46,AE13,IF($W13=автоматы!$D$47,AG13,IF($W13=автоматы!$D$48,AA13,IF($W13=автоматы!$D$49,AI13,IF($W13=автоматы!$D$50,AC13,IF($W13=автоматы!$D$51,BH13,IF($W13=автоматы!$D$52,AQ13,IF($W13=автоматы!$D$53,AQ13,IF($W13=автоматы!$D$54,AV13,IF($W13=автоматы!$D$55,AK13,IF($W13=автоматы!$D$56,BB13,IF($W13=автоматы!$D$57,AQ13,IF($W13=автоматы!$D$58,AX13,IF($W13=автоматы!$D$59,AM13,IF($W13=автоматы!$D$60,BD13,IF($W13=автоматы!$D$61,AQ13,IF($W13=автоматы!$D$62,AZ13,IF($W13=автоматы!$D$63,AO13,IF($W13=автоматы!$D$64,BF13,IF($W13=автоматы!$D$65,BJ13,IF($W13=автоматы!$D$66,BJ13,IF($W13=автоматы!$D$67,BM13,IF($W13=автоматы!$D$68,BO13,"др")))))))))))))))))))))))) -> 6 | BS13: =CONCATENATE(IF($W13=автоматы!$A$1,Y13,IF($W13=автоматы!$H$1,VLOOKUP(AA13,автоматы!$H$3:$K$17,3,0),IF($W13=автоматы!$N$1,VLOOKUP(AC13,автоматы!$N$3:$Q$19,3,0),IF($W13=автоматы!$S$17,AE13,IF($W13=автоматы!$Z$1,AG13,IF($W13=автоматы!$AE$1,AI13,"др"))))))," А") -> др А | BT13: =IF($W13=автоматы!$A$1,Y13*10,IF($W13=автоматы!$H$1,VLOOKUP(AA13,автоматы!$H$3:$K$17,4,0),IF($W13=автоматы!$N$1,VLOOKUP(AC13,автоматы!$N$3:$Q$19,4,0),IF($W13=автоматы!$S$17,AE13*10,IF($W13=автоматы!$Z$1,AG13*10,IF($W13=автоматы!$AE$1,AI13*10,"др")))))) -> др | BV13: ВВГнг(А)-LS | BW13: 1 | BX13: 3 | BY13: 1.5 | BZ13: =HLOOKUP(BV13,каталог!$CG$1:$CO$22,MATCH(BY13,каталог!$CF$1:$CF$22,0),0)*BW13 -> 19 | CA13: =CONCATENATE("н",C13,"") -> нГр.2 | CB13: =CONCATENATE(BV13," ",BX13,"x",BY13) -> ВВГнг(А)-LS 3x1,5
A14: 11 | B14: 100 | C14: А1 | D14: Воздушно отопительный агрегат (раб.) | E14: 220 | F14: L2 | G14: 0.26 | H14: =IF(E14<=230,(G14)/((E14/1000)*J14*(B14/100)),(G14)/(1.732*(E14/1000)*J14*(B14/100))) -> 1.2059369 | I14: 1 | J14: 0.98 | K14: =ROUND(SQRT(1-(J14)^2)/J14,2) -> 0.2 | L14: =I14*G14 -> 0.26 | M14: =I14*G14*K14 -> 0.052 | N14: =1*G14^2 -> 0.0676 | U14: =H14*1.1 -> 1.3265306 | V14: =7*H14 -> 8.4415584 | W14: Ch_NS2 | X14: 2Р | Y14: =IF(U14<=6,6,IF(U14<=10,10,IF(U14<=16,16,IF(U14<=20,20,IF(U14<=25,25,IF(U14<=32,32,IF(U14<=40,40,IF(U14<=50,50,IF(U14<=63,63,"др.выкл"))))))))) -> 6 | Z14: =INDEX(автоматы!$B$3:$D$11,MATCH(Y14,автоматы!$A$3:$A$11,0),MATCH(X14,кол_пол,0)) -> EZ9F34206 | AA14: =IF(U14<=0.16,0.16,IF(U14<=0.25,0.25,IF(U14<=0.4,0.4,IF(U14<=0.63,0.63,IF(U14<=1,1,IF(U14<=1.6,1.6,IF(U14<=2.5,2.5,IF(U14<=4,4,IF(U14<=6.3,6.3,IF(U14<=10,10,IF(U14<=14,14,IF(U14<=18,18,IF(U14<=23,23,IF(U14<=25,25,IF(U14<=32,32,"др.авт"))))))))))))))) -> 1.6 | AB14: =VLOOKUP(AA14,автоматы!$H$3:$I$17,2,0) -> GZ1 E06 | AC14: =IF(U14<=20,20,IF(U14<=25,25,IF(U14<=32,32,IF(U14<=40,40,IF(U14<=50,50,IF(U14<=63,63,IF(U14<=80,80,IF(U14<=100,100,IF(U14<=125,125,IF(U14<=160,160,IF(U14<=200,200,IF(U14<=250,250,IF(U14<=300,300,IF(U14<=320,320,IF(U14<=400,400,IF(U14<=500,500,IF(U14<=630,630,"др.авт"))))))))))))))))) -> 20 | AD14: =VLOOKUP(AC14,автоматы!$N$3:$O$19,2,0) -> LZMB1-A20-I | AE14: =IF(U14<=6,6,IF(U14<=10,10,IF(U14<=16,16,IF(U14<=20,20,IF(U14<=25,25,IF(U14<=32,32,IF(U14<=40,40,IF(U14<=50,50,IF(U14<=63,63,"др.выкл"))))))))) -> 6 | AF14: =INDEX(автоматы!$T$2:$V$15,MATCH(AE14,автоматы!$S$2:$S$15,0),MATCH(X14,автоматы!$T$1:$V$1,0)) -> iC60N C6 2P | AG14: =IF(U14<=6,6,IF(U14<=10,10,IF(U14<=16,16,IF(U14<=20,20,IF(U14<=25,25,IF(U14<=32,32,IF(U14<=40,40,"др.выкл"))))))) -> 6 | AH14: =VLOOKUP(AG14,автоматы!$Z$3:$AA$9,2,0) -> A9D31606 | AI14: =IF(U14<=15,15,IF(U14<=16,16,IF(U14<=20,20,IF(U14<=25,25,IF(U14<=32,32,IF(U14<=40,40,IF(U14<=45,45,IF(U14<=50,50,IF(U14<=60,60,IF(U14<=63,63,IF(U14<=75,75,IF(U14<=80,80,IF(U14<=100,100,IF(U14<=125,125,IF(U14<=150,150,IF(U14<=160,160,IF(U14<=175,175,IF(U14<=200,200,IF(U14<=225,225,IF(U14<=250,250,IF(U14<=320,320,IF(U14<=350,350,IF(U14<=400,400,"др.выкл"))))))))))))))))))))))) -> 15 | AJ14: =VLOOKUP(AI14,автоматы!$AE$3:$AF$26,2,0) -> EZC100F3015 | AK14: =IF(U14<=0.16,0.16,IF(U14<=0.25,0.25,IF(U14<=0.4,0.4,IF(U14<=0.63,0.63,IF(U14<=1,1,IF(U14<=1.6,1.6,IF(U14<=2.5,2.5,IF(U14<=4,4,IF(U14<=6.3,6.3,IF(U14<=10,10,IF(U14<=14,14,IF(U14<=18,18,IF(U14<=23,23,IF(U14<=25,25,IF(U14<=32,32,"др.авт"))))))))))))))) -> 1.6 | AL14: =VLOOKUP(AK14,DEKraft!$I$2:$J$16,2,0) -> 21225DEK | AM14: =IF(U14<=0.16,0.16,IF(U14<=0.25,0.25,IF(U14<=0.4,0.4,IF(U14<=0.63,0.63,IF(U14<=1,1,IF(U14<=1.6,1.6,IF(U14<=2.5,2.5,IF(U14<=4,4,IF(U14<=6.3,6.3,IF(U14<=10,10,IF(U14<=14,14,IF(U14<=18,18,IF(U14<=23,23,IF(U14<=25,25,IF(U14<=32,32,"др.авт"))))))))))))))) -> 1.6 | AN14: =VLOOKUP(AM14,systeme!$A$33:$B$47,2,0) -> GM2ME06 | AO14: =IF(U14<=0.16,0.16,IF(U14<=0.25,0.25,IF(U14<=0.4,0.4,IF(U14<=0.63,0.63,IF(U14<=1,1,IF(U14<=1.6,1.6,IF(U14<=2.5,2.5,IF(U14<=4,4,IF(U14<=6.3,6.3,IF(U14<=10,10,IF(U14<=14,14,IF(U14<=18,18,IF(U14<=23,23,IF(U14<=25,25,IF(U14<=32,32,"др.авт"))))))))))))))) -> 1.6 | AP14: =VLOOKUP(AO14,chint!$A$34:$B$48,2,0) -> 495077 | AQ14: =IF(U14<=6,6,IF(U14<=10,10,IF(U14<=16,16,IF(U14<=20,20,IF(U14<=25,25,IF(U14<=32,32,IF(U14<=40,40,IF(U14<=50,50,IF(U14<=63,63,"др.выкл"))))))))) -> 6 | AR14: =INDEX(DEKraft!$B$2:$D$13,MATCH(AQ14,DEKraft!$A$2:$A$13,0),MATCH(X14,DEKraft!$B$1:$D$1,0)) -> 13163DEK | AS14: =INDEX(DEKraft!$B$21:$D$32,MATCH(AQ14,DEKraft!$A$21:$A$32,0),MATCH(X14,DEKraft!$B$20:$D$20,0)) -> 12285DEK | AT14: =INDEX(systeme!$B$2:$D$10,MATCH(AQ14,systeme!$A$2:$A$10,0),MATCH(X14,systeme!$B$1:$D$1,0)) -> C9F36206 | AU14: =INDEX(chint!$B$2:$D$10,MATCH(AQ14,chint!$A$2:$A$10,0),MATCH(X14,chint!$B$1:$D$1,0)) -> 179667 | AV14: =IF(U14<=6,6,IF(U14<=10,10,IF(U14<=16,16,IF(U14<=20,20,IF(U14<=25,25,IF(U14<=32,32,IF(U14<=40,40,"др.выкл"))))))) -> 6 | AW14: =VLOOKUP(AV14,DEKraft!$A$41:$B$47,2,0) -> 16202DEK | AX14: =IF(U14<=10,10,IF(U14<=16,16,IF(U14<=20,20,IF(U14<=25,25,IF(U14<=32,32,IF(U14<=40,40,"др.выкл")))))) -> 10 | AY14: =VLOOKUP(AX14,systeme!$G$2:$H$7,2,0) -> C9D36610 | AZ14: =IF(U14<=6,6,IF(U14<=10,10,IF(U14<=16,16,IF(U14<=20,20,IF(U14<=25,25,IF(U14<=32,32,IF(U14<=40,40,"др.выкл"))))))) -> 6 | BA14: =VLOOKUP(AV14,chint!$G$2:$H$8,2,0) -> 689000 | BB14: =IF(U14<=25,25,IF(U14<=32,32,IF(U14<=40,40,IF(U14<=50,50,IF(U14<=63,63,IF(U14<=80,80,IF(U14<=100,100,IF(U14<=125,125,IF(U14<=140,140,IF(U14<=160,160,IF(U14<=200,200,IF(U14<=250,250,IF(U14<=320,320,IF(U14<=400,400,IF(U14<=500,500,IF(U14<=630,630,"др.выкл")))))))))))))))) -> 25 | BC14: =VLOOKUP(BB14,DEKraft!$I$21:$J$36,2,0) -> 28100DEK | BD14: =IF(U14<=16,16,IF(U14<=25,25,IF(U14<=32,32,IF(U14<=40,40,IF(U14<=50,50,IF(U14<=63,63,IF(U14<=80,80,IF(U14<=100,100,IF(U14<=125,125,IF(U14<=160,160,IF(U14<=200,200,IF(U14<=250,250,IF(U14<=400,400,IF(U14<=500,500,IF(U14<=600,600,"др.авт"))))))))))))))) -> 16 | BE14: =VLOOKUP(BD14,systeme!$A$16:$B$30,2,0) -> SPC100F016L3DF | BF14: =IF(U14<=16,16,IF(U14<=25,25,IF(U14<=32,32,IF(U14<=40,40,IF(U14<=50,50,IF(U14<=63,63,IF(U14<=80,80,IF(U14<=100,100,IF(U14<=125,125,IF(U14<=160,160,IF(U14<=200,200,IF(U14<=225,225,IF(U14<=250,250,IF(U14<=315,315,IF(U14<=350,350,IF(U14<=400,400,IF(U14<=500,500,IF(U14<=630,630,"др.выкл")))))))))))))))))) -> 16 | BG14: =VLOOKUP(BF14,chint!$A$14:$B$31,2,0) -> 271581 | BH14: =IF(U14<=6,6,IF(U14<=10,10,IF(U14<=16,16,IF(U14<=20,20,IF(U14<=25,25,IF(U14<=32,32,IF(U14<=40,40,IF(U14<=50,50,IF(U14<=63,63,"др.выкл"))))))))) -> 6 | BI14: =INDEX(КЭАЗ!$B$2:$E$14,MATCH(BH14,КЭАЗ!$A$2:$A$14,0),MATCH(X14,КЭАЗ!$B$1:$D$1,0)) -> kea.341916 | BJ14: =IF(U14<=6,6,IF(U14<=10,10,IF(U14<=16,16,IF(U14<=20,20,IF(U14<=25,25,IF(U14<=32,32,IF(U14<=40,40,IF(U14<=50,50,IF(U14<=63,63,IF(U14<=80,80,IF(U14<=100,100,IF(U14<=125,125,"др.выкл")))))))))))) -> 6 | BK14: =INDEX(hy!$B$2:$D$18,MATCH(BJ14,hy!$A$2:$A$18,0),MATCH(X14,hy!$B$1:$D$1,0)) -> HGD63M 2PMCS0000C 00006 | BL14: =VLOOKUP(BJ14,hy!$G$2:$H$15,2,0) -> HRO63M 1NG4С0000C00006G | BM14: =IF(U14<=0.16,0.16,IF(U14<=0.25,0.25,IF(U14<=0.4,0.4,IF(U14<=0.63,0.63,IF(U14<=1,1,IF(U14<=1.6,1.6,IF(U14<=2.5,2.5,IF(U14<=4,4,IF(U14<=6.3,6.3,IF(U14<=10,10,IF(U14<=14,14,IF(U14<=18,18,IF(U14<=23,23,IF(U14<=25,25,IF(U14<=32,32,"др.авт"))))))))))))))) -> 1.6 | BN14: =VLOOKUP(BM14,hy!$A$41:$B$55,2,0) -> MMS32K 01P6 | BO14: =IF(U14<=100,100,IF(U14<=125,125,IF(U14<=150,150,IF(U14<=160,160,IF(U14<=175,175,IF(U14<=200,200,IF(U14<=225,225,IF(U14<=250,250,IF(U14<=300,300,IF(U14<=350,350,IF(U14<=400,400,IF(U14<=500,500,IF(U14<=630,630,IF(U14<=700,700,IF(U14<=800,800,"др.выкл"))))))))))))))) -> 100 | BP14: =VLOOKUP(BO14,hy!$A$21:$B$35,2,0) -> HGP100S-G 3PT4S0000C 00100H | BQ14: =IF($W14=автоматы!$D$45,Z14,IF($W14=автоматы!$D$46,AF14,IF($W14=автоматы!$D$47,AH14,IF($W14=автоматы!$D$48,AB14,IF($W14=автоматы!$D$49,AJ14,IF($W14=автоматы!$D$50,AD14,IF($W14=автоматы!$D$51,BI14,IF($W14=автоматы!$D$52,AR14,IF($W14=автоматы!$D$53,AS14,IF($W14=автоматы!$D$54,AW14,IF($W14=автоматы!$D$55,AL14,IF($W14=автоматы!$D$56,BC14,IF($W14=автоматы!$D$57,AT14,IF($W14=автоматы!$D$58,AY14,IF($W14=автоматы!$D$59,AN14,IF($W14=автоматы!$D$60,BE14,IF($W14=автоматы!$D$61,AU14,IF($W14=автоматы!$D$62,BA14,IF($W14=автоматы!$D$63,AP14,IF($W14=автоматы!$D$64,BG14,IF($W14=автоматы!$D$65,BK14,IF($W14=автоматы!$D$66,BL14,IF($W14=автоматы!$D$67,BN14,IF($W14=автоматы!$D$68,BP14,"др")))))))))))))))))))))))) -> 495077 | BR14: =IF($W14=автоматы!$D$45,Y14,IF($W14=автоматы!$D$46,AE14,IF($W14=автоматы!$D$47,AG14,IF($W14=автоматы!$D$48,AA14,IF($W14=автоматы!$D$49,AI14,IF($W14=автоматы!$D$50,AC14,IF($W14=автоматы!$D$51,BH14,IF($W14=автоматы!$D$52,AQ14,IF($W14=автоматы!$D$53,AQ14,IF($W14=автоматы!$D$54,AV14,IF($W14=автоматы!$D$55,AK14,IF($W14=автоматы!$D$56,BB14,IF($W14=автоматы!$D$57,AQ14,IF($W14=автоматы!$D$58,AX14,IF($W14=автоматы!$D$59,AM14,IF($W14=автоматы!$D$60,BD14,IF($W14=автоматы!$D$61,AQ14,IF($W14=автоматы!$D$62,AZ14,IF($W14=автоматы!$D$63,AO14,IF($W14=автоматы!$D$64,BF14,IF($W14=автоматы!$D$65,BJ14,IF($W14=автоматы!$D$66,BJ14,IF($W14=автоматы!$D$67,BM14,IF($W14=автоматы!$D$68,BO14,"др")))))))))))))))))))))))) -> 1.6 | BS14: =CONCATENATE(IF($W14=автоматы!$A$1,Y14,IF($W14=автоматы!$H$1,VLOOKUP(AA14,автоматы!$H$3:$K$17,3,0),IF($W14=автоматы!$N$1,VLOOKUP(AC14,автоматы!$N$3:$Q$19,3,0),IF($W14=автоматы!$S$17,AE14,IF($W14=автоматы!$Z$1,AG14,IF($W14=автоматы!$AE$1,AI14,"др"))))))," А") -> др А | BT14: =IF($W14=автоматы!$A$1,Y14*10,IF($W14=автоматы!$H$1,VLOOKUP(AA14,автоматы!$H$3:$K$17,4,0),IF($W14=автоматы!$N$1,VLOOKUP(AC14,автоматы!$N$3:$Q$19,4,0),IF($W14=автоматы!$S$17,AE14*10,IF($W14=автоматы!$Z$1,AG14*10,IF($W14=автоматы!$AE$1,AI14*10,"др")))))) -> др | BV14: ВВГнг(А)-LS | BW14: 1 | BX14: 3 | BY14: 1.5 | BZ14: =HLOOKUP(BV14,каталог!$CG$1:$CO$22,MATCH(BY14,каталог!$CF$1:$CF$22,0),0)*BW14 -> 19 | CA14: =CONCATENATE("н",C14,"") -> нА1 | CB14: =CONCATENATE(BV14," ",BX14,"x",BY14) -> ВВГнг(А)-LS 3x1,5
A15: 12 | B15: 100 | C15: А2 | D15: Воздушно отопительный агрегат (раб.) | E15: 220 | F15: L2 | G15: 0.26 | H15: =IF(E15<=230,(G15)/((E15/1000)*J15*(B15/100)),(G15)/(1.732*(E15/1000)*J15*(B15/100))) -> 1.2059369 | I15: 1 | J15: 0.98 | K15: =ROUND(SQRT(1-(J15)^2)/J15,2) -> 0.2 | L15: =I15*G15 -> 0.26 | M15: =I15*G15*K15 -> 0.052 | N15: =1*G15^2 -> 0.0676 | U15: =H15*1.1 -> 1.3265306 | V15: =7*H15 -> 8.4415584 | W15: Ch_NS2 | X15: 2Р | Y15: =IF(U15<=6,6,IF(U15<=10,10,IF(U15<=16,16,IF(U15<=20,20,IF(U15<=25,25,IF(U15<=32,32,IF(U15<=40,40,IF(U15<=50,50,IF(U15<=63,63,"др.выкл"))))))))) -> 6 | Z15: =INDEX(автоматы!$B$3:$D$11,MATCH(Y15,автоматы!$A$3:$A$11,0),MATCH(X15,кол_пол,0)) -> EZ9F34206 | AA15: =IF(U15<=0.16,0.16,IF(U15<=0.25,0.25,IF(U15<=0.4,0.4,IF(U15<=0.63,0.63,IF(U15<=1,1,IF(U15<=1.6,1.6,IF(U15<=2.5,2.5,IF(U15<=4,4,IF(U15<=6.3,6.3,IF(U15<=10,10,IF(U15<=14,14,IF(U15<=18,18,IF(U15<=23,23,IF(U15<=25,25,IF(U15<=32,32,"др.авт"))))))))))))))) -> 1.6 | AB15: =VLOOKUP(AA15,автоматы!$H$3:$I$17,2,0) -> GZ1 E06 | AC15: =IF(U15<=20,20,IF(U15<=25,25,IF(U15<=32,32,IF(U15<=40,40,IF(U15<=50,50,IF(U15<=63,63,IF(U15<=80,80,IF(U15<=100,100,IF(U15<=125,125,IF(U15<=160,160,IF(U15<=200,200,IF(U15<=250,250,IF(U15<=300,300,IF(U15<=320,320,IF(U15<=400,400,IF(U15<=500,500,IF(U15<=630,630,"др.авт"))))))))))))))))) -> 20 | AD15: =VLOOKUP(AC15,автоматы!$N$3:$O$19,2,0) -> LZMB1-A20-I | AE15: =IF(U15<=6,6,IF(U15<=10,10,IF(U15<=16,16,IF(U15<=20,20,IF(U15<=25,25,IF(U15<=32,32,IF(U15<=40,40,IF(U15<=50,50,IF(U15<=63,63,"др.выкл"))))))))) -> 6 | AF15: =INDEX(автоматы!$T$2:$V$15,MATCH(AE15,автоматы!$S$2:$S$15,0),MATCH(X15,автоматы!$T$1:$V$1,0)) -> iC60N C6 2P | AG15: =IF(U15<=6,6,IF(U15<=10,10,IF(U15<=16,16,IF(U15<=20,20,IF(U15<=25,25,IF(U15<=32,32,IF(U15<=40,40,"др.выкл"))))))) -> 6 | AH15: =VLOOKUP(AG15,автоматы!$Z$3:$AA$9,2,0) -> A9D31606 | AI15: =IF(U15<=15,15,IF(U15<=16,16,IF(U15<=20,20,IF(U15<=25,25,IF(U15<=32,32,IF(U15<=40,40,IF(U15<=45,45,IF(U15<=50,50,IF(U15<=60,60,IF(U15<=63,63,IF(U15<=75,75,IF(U15<=80,80,IF(U15<=100,100,IF(U15<=125,125,IF(U15<=150,150,IF(U15<=160,160,IF(U15<=175,175,IF(U15<=200,200,IF(U15<=225,225,IF(U15<=250,250,IF(U15<=320,320,IF(U15<=350,350,IF(U15<=400,400,"др.выкл"))))))))))))))))))))))) -> 15 | AJ15: =VLOOKUP(AI15,автоматы!$AE$3:$AF$26,2,0) -> EZC100F3015 | AK15: =IF(U15<=0.16,0.16,IF(U15<=0.25,0.25,IF(U15<=0.4,0.4,IF(U15<=0.63,0.63,IF(U15<=1,1,IF(U15<=1.6,1.6,IF(U15<=2.5,2.5,IF(U15<=4,4,IF(U15<=6.3,6.3,IF(U15<=10,10,IF(U15<=14,14,IF(U15<=18,18,IF(U15<=23,23,IF(U15<=25,25,IF(U15<=32,32,"др.авт"))))))))))))))) -> 1.6 | AL15: =VLOOKUP(AK15,DEKraft!$I$2:$J$16,2,0) -> 21225DEK | AM15: =IF(U15<=0.16,0.16,IF(U15<=0.25,0.25,IF(U15<=0.4,0.4,IF(U15<=0.63,0.63,IF(U15<=1,1,IF(U15<=1.6,1.6,IF(U15<=2.5,2.5,IF(U15<=4,4,IF(U15<=6.3,6.3,IF(U15<=10,10,IF(U15<=14,14,IF(U15<=18,18,IF(U15<=23,23,IF(U15<=25,25,IF(U15<=32,32,"др.авт"))))))))))))))) -> 1.6 | AN15: =VLOOKUP(AM15,systeme!$A$33:$B$47,2,0) -> GM2ME06 | AO15: =IF(U15<=0.16,0.16,IF(U15<=0.25,0.25,IF(U15<=0.4,0.4,IF(U15<=0.63,0.63,IF(U15<=1,1,IF(U15<=1.6,1.6,IF(U15<=2.5,2.5,IF(U15<=4,4,IF(U15<=6.3,6.3,IF(U15<=10,10,IF(U15<=14,14,IF(U15<=18,18,IF(U15<=23,23,IF(U15<=25,25,IF(U15<=32,32,"др.авт"))))))))))))))) -> 1.6 | AP15: =VLOOKUP(AO15,chint!$A$34:$B$48,2,0) -> 495077 | AQ15: =IF(U15<=6,6,IF(U15<=10,10,IF(U15<=16,16,IF(U15<=20,20,IF(U15<=25,25,IF(U15<=32,32,IF(U15<=40,40,IF(U15<=50,50,IF(U15<=63,63,"др.выкл"))))))))) -> 6 | AR15: =INDEX(DEKraft!$B$2:$D$13,MATCH(AQ15,DEKraft!$A$2:$A$13,0),MATCH(X15,DEKraft!$B$1:$D$1,0)) -> 13163DEK | AS15: =INDEX(DEKraft!$B$21:$D$32,MATCH(AQ15,DEKraft!$A$21:$A$32,0),MATCH(X15,DEKraft!$B$20:$D$20,0)) -> 12285DEK | AT15: =INDEX(systeme!$B$2:$D$10,MATCH(AQ15,systeme!$A$2:$A$10,0),MATCH(X15,systeme!$B$1:$D$1,0)) -> C9F36206 | AU15: =INDEX(chint!$B$2:$D$10,MATCH(AQ15,chint!$A$2:$A$10,0),MATCH(X15,chint!$B$1:$D$1,0)) -> 179667 | AV15: =IF(U15<=6,6,IF(U15<=10,10,IF(U15<=16,16,IF(U15<=20,20,IF(U15<=25,25,IF(U15<=32,32,IF(U15<=40,40,"др.выкл"))))))) -> 6 | AW15: =VLOOKUP(AV15,DEKraft!$A$41:$B$47,2,0) -> 16202DEK | AX15: =IF(U15<=10,10,IF(U15<=16,16,IF(U15<=20,20,IF(U15<=25,25,IF(U15<=32,32,IF(U15<=40,40,"др.выкл")))))) -> 10 | AY15: =VLOOKUP(AX15,systeme!$G$2:$H$7,2,0) -> C9D36610 | AZ15: =IF(U15<=6,6,IF(U15<=10,10,IF(U15<=16,16,IF(U15<=20,20,IF(U15<=25,25,IF(U15<=32,32,IF(U15<=40,40,"др.выкл"))))))) -> 6 | BA15: =VLOOKUP(AV15,chint!$G$2:$H$8,2,0) -> 689000 | BB15: =IF(U15<=25,25,IF(U15<=32,32,IF(U15<=40,40,IF(U15<=50,50,IF(U15<=63,63,IF(U15<=80,80,IF(U15<=100,100,IF(U15<=125,125,IF(U15<=140,140,IF(U15<=160,160,IF(U15<=200,200,IF(U15<=250,250,IF(U15<=320,320,IF(U15<=400,400,IF(U15<=500,500,IF(U15<=630,630,"др.выкл")))))))))))))))) -> 25 | BC15: =VLOOKUP(BB15,DEKraft!$I$21:$J$36,2,0) -> 28100DEK | BD15: =IF(U15<=16,16,IF(U15<=25,25,IF(U15<=32,32,IF(U15<=40,40,IF(U15<=50,50,IF(U15<=63,63,IF(U15<=80,80,IF(U15<=100,100,IF(U15<=125,125,IF(U15<=160,160,IF(U15<=200,200,IF(U15<=250,250,IF(U15<=400,400,IF(U15<=500,500,IF(U15<=600,600,"др.авт"))))))))))))))) -> 16 | BE15: =VLOOKUP(BD15,systeme!$A$16:$B$30,2,0) -> SPC100F016L3DF | BF15: =IF(U15<=16,16,IF(U15<=25,25,IF(U15<=32,32,IF(U15<=40,40,IF(U15<=50,50,IF(U15<=63,63,IF(U15<=80,80,IF(U15<=100,100,IF(U15<=125,125,IF(U15<=160,160,IF(U15<=200,200,IF(U15<=225,225,IF(U15<=250,250,IF(U15<=315,315,IF(U15<=350,350,IF(U15<=400,400,IF(U15<=500,500,IF(U15<=630,630,"др.выкл")))))))))))))))))) -> 16 | BG15: =VLOOKUP(BF15,chint!$A$14:$B$31,2,0) -> 271581 | BH15: =IF(U15<=6,6,IF(U15<=10,10,IF(U15<=16,16,IF(U15<=20,20,IF(U15<=25,25,IF(U15<=32,32,IF(U15<=40,40,IF(U15<=50,50,IF(U15<=63,63,"др.выкл"))))))))) -> 6 | BI15: =INDEX(КЭАЗ!$B$2:$E$14,MATCH(BH15,КЭАЗ!$A$2:$A$14,0),MATCH(X15,КЭАЗ!$B$1:$D$1,0)) -> kea.341916 | BJ15: =IF(U15<=6,6,IF(U15<=10,10,IF(U15<=16,16,IF(U15<=20,20,IF(U15<=25,25,IF(U15<=32,32,IF(U15<=40,40,IF(U15<=50,50,IF(U15<=63,63,IF(U15<=80,80,IF(U15<=100,100,IF(U15<=125,125,"др.выкл")))))))))))) -> 6 | BK15: =INDEX(hy!$B$2:$D$18,MATCH(BJ15,hy!$A$2:$A$18,0),MATCH(X15,hy!$B$1:$D$1,0)) -> HGD63M 2PMCS0000C 00006 | BL15: =VLOOKUP(BJ15,hy!$G$2:$H$15,2,0) -> HRO63M 1NG4С0000C00006G | BM15: =IF(U15<=0.16,0.16,IF(U15<=0.25,0.25,IF(U15<=0.4,0.4,IF(U15<=0.63,0.63,IF(U15<=1,1,IF(U15<=1.6,1.6,IF(U15<=2.5,2.5,IF(U15<=4,4,IF(U15<=6.3,6.3,IF(U15<=10,10,IF(U15<=14,14,IF(U15<=18,18,IF(U15<=23,23,IF(U15<=25,25,IF(U15<=32,32,"др.авт"))))))))))))))) -> 1.6 | BN15: =VLOOKUP(BM15,hy!$A$41:$B$55,2,0) -> MMS32K 01P6 | BO15: =IF(U15<=100,100,IF(U15<=125,125,IF(U15<=150,150,IF(U15<=160,160,IF(U15<=175,175,IF(U15<=200,200,IF(U15<=225,225,IF(U15<=250,250,IF(U15<=300,300,IF(U15<=350,350,IF(U15<=400,400,IF(U15<=500,500,IF(U15<=630,630,IF(U15<=700,700,IF(U15<=800,800,"др.выкл"))))))))))))))) -> 100 | BP15: =VLOOKUP(BO15,hy!$A$21:$B$35,2,0) -> HGP100S-G 3PT4S0000C 00100H | BQ15: =IF($W15=автоматы!$D$45,Z15,IF($W15=автоматы!$D$46,AF15,IF($W15=автоматы!$D$47,AH15,IF($W15=автоматы!$D$48,AB15,IF($W15=автоматы!$D$49,AJ15,IF($W15=автоматы!$D$50,AD15,IF($W15=автоматы!$D$51,BI15,IF($W15=автоматы!$D$52,AR15,IF($W15=автоматы!$D$53,AS15,IF($W15=автоматы!$D$54,AW15,IF($W15=автоматы!$D$55,AL15,IF($W15=автоматы!$D$56,BC15,IF($W15=автоматы!$D$57,AT15,IF($W15=автоматы!$D$58,AY15,IF($W15=автоматы!$D$59,AN15,IF($W15=автоматы!$D$60,BE15,IF($W15=автоматы!$D$61,AU15,IF($W15=автоматы!$D$62,BA15,IF($W15=автоматы!$D$63,AP15,IF($W15=автоматы!$D$64,BG15,IF($W15=автоматы!$D$65,BK15,IF($W15=автоматы!$D$66,BL15,IF($W15=автоматы!$D$67,BN15,IF($W15=автоматы!$D$68,BP15,"др")))))))))))))))))))))))) -> 495077 | BR15: =IF($W15=автоматы!$D$45,Y15,IF($W15=автоматы!$D$46,AE15,IF($W15=автоматы!$D$47,AG15,IF($W15=автоматы!$D$48,AA15,IF($W15=автоматы!$D$49,AI15,IF($W15=автоматы!$D$50,AC15,IF($W15=автоматы!$D$51,BH15,IF($W15=автоматы!$D$52,AQ15,IF($W15=автоматы!$D$53,AQ15,IF($W15=автоматы!$D$54,AV15,IF($W15=автоматы!$D$55,AK15,IF($W15=автоматы!$D$56,BB15,IF($W15=автоматы!$D$57,AQ15,IF($W15=автоматы!$D$58,AX15,IF($W15=автоматы!$D$59,AM15,IF($W15=автоматы!$D$60,BD15,IF($W15=автоматы!$D$61,AQ15,IF($W15=автоматы!$D$62,AZ15,IF($W15=автоматы!$D$63,AO15,IF($W15=автоматы!$D$64,BF15,IF($W15=автоматы!$D$65,BJ15,IF($W15=автоматы!$D$66,BJ15,IF($W15=автоматы!$D$67,BM15,IF($W15=автоматы!$D$68,BO15,"др")))))))))))))))))))))))) -> 1.6 | BS15: =CONCATENATE(IF($W15=автоматы!$A$1,Y15,IF($W15=автоматы!$H$1,VLOOKUP(AA15,автоматы!$H$3:$K$17,3,0),IF($W15=автоматы!$N$1,VLOOKUP(AC15,автоматы!$N$3:$Q$19,3,0),IF($W15=автоматы!$S$17,AE15,IF($W15=автоматы!$Z$1,AG15,IF($W15=автоматы!$AE$1,AI15,"др"))))))," А") -> др А | BT15: =IF($W15=автоматы!$A$1,Y15*10,IF($W15=автоматы!$H$1,VLOOKUP(AA15,автоматы!$H$3:$K$17,4,0),IF($W15=автоматы!$N$1,VLOOKUP(AC15,автоматы!$N$3:$Q$19,4,0),IF($W15=автоматы!$S$17,AE15*10,IF($W15=автоматы!$Z$1,AG15*10,IF($W15=автоматы!$AE$1,AI15*10,"др")))))) -> др | BV15: ВВГнг(А)-LS | BW15: 1 | BX15: 3 | BY15: 1.5 | BZ15: =HLOOKUP(BV15,каталог!$CG$1:$CO$22,MATCH(BY15,каталог!$CF$1:$CF$22,0),0)*BW15 -> 19 | CA15: =CONCATENATE("н",C15,"") -> нА2 | CB15: =CONCATENATE(BV15," ",BX15,"x",BY15) -> ВВГнг(А)-LS 3x1,5
A16: 11 | B16: 100 | C16: А3 | D16: Воздушно отопительный агрегат (раб.) | E16: 220 | F16: L3 | G16: 0.26 | H16: =IF(E16<=230,(G16)/((E16/1000)*J16*(B16/100)),(G16)/(1.732*(E16/1000)*J16*(B16/100))) -> 1.2059369 | I16: 1 | J16: 0.98 | K16: =ROUND(SQRT(1-(J16)^2)/J16,2) -> 0.2 | L16: =I16*G16 -> 0.26 | M16: =I16*G16*K16 -> 0.052 | N16: =1*G16^2 -> 0.0676
A17: 12 | B17: 100 | C17: А4 | D17: Воздушно отопительный агрегат (рез.) | E17: 220 | F17: L1 | G17: 0.26 | H17: =IF(E17<=230,(G17)/((E17/1000)*J17*(B17/100)),(G17)/(1.732*(E17/1000)*J17*(B17/100))) -> 1.2059369 | I17: 1 | J17: 0.98 | K17: =ROUND(SQRT(1-(J17)^2)/J17,2) -> 0.2 | L17: =I17*G17 -> 0.26 | M17: =I17*G17*K17 -> 0.052 | N17: =1*G17^2 -> 0.0676
A18: 11 | B18: 100 | C18: П1 | D18: Вентилятор осевой с регулятором скорости | E18: 220 | F18: L2 | G18: 0.42 | H18: =IF(E18<=230,(G18)/((E18/1000)*J18*(B18/100)),(G18)/(1.732*(E18/1000)*J18*(B18/100))) -> 1.9090909 | I18: 1 | J18: 1 | K18: =ROUND(SQRT(1-(J18)^2)/J18,2) -> 0 | L18: =I18*G18 -> 0.42 | M18: =I18*G18*K18 -> 0 | N18: =1*G18^2 -> 0.1764 | U18: =H18*1.1 -> 2.1 | V18: =7*H18 -> 13.363636 | W18: Ch_NS2 | X18: 2Р | Y18: =IF(U18<=6,6,IF(U18<=10,10,IF(U18<=16,16,IF(U18<=20,20,IF(U18<=25,25,IF(U18<=32,32,IF(U18<=40,40,IF(U18<=50,50,IF(U18<=63,63,"др.выкл"))))))))) -> 6 | Z18: =INDEX(автоматы!$B$3:$D$11,MATCH(Y18,автоматы!$A$3:$A$11,0),MATCH(X18,кол_пол,0)) -> EZ9F34206 | AA18: =IF(U18<=0.16,0.16,IF(U18<=0.25,0.25,IF(U18<=0.4,0.4,IF(U18<=0.63,0.63,IF(U18<=1,1,IF(U18<=1.6,1.6,IF(U18<=2.5,2.5,IF(U18<=4,4,IF(U18<=6.3,6.3,IF(U18<=10,10,IF(U18<=14,14,IF(U18<=18,18,IF(U18<=23,23,IF(U18<=25,25,IF(U18<=32,32,"др.авт"))))))))))))))) -> 2.5 | AB18: =VLOOKUP(AA18,автоматы!$H$3:$I$17,2,0) -> GZ1 E07 | AC18: =IF(U18<=20,20,IF(U18<=25,25,IF(U18<=32,32,IF(U18<=40,40,IF(U18<=50,50,IF(U18<=63,63,IF(U18<=80,80,IF(U18<=100,100,IF(U18<=125,125,IF(U18<=160,160,IF(U18<=200,200,IF(U18<=250,250,IF(U18<=300,300,IF(U18<=320,320,IF(U18<=400,400,IF(U18<=500,500,IF(U18<=630,630,"др.авт"))))))))))))))))) -> 20 | AD18: =VLOOKUP(AC18,автоматы!$N$3:$O$19,2,0) -> LZMB1-A20-I | AE18: =IF(U18<=6,6,IF(U18<=10,10,IF(U18<=16,16,IF(U18<=20,20,IF(U18<=25,25,IF(U18<=32,32,IF(U18<=40,40,IF(U18<=50,50,IF(U18<=63,63,"др.выкл"))))))))) -> 6 | AF18: =INDEX(автоматы!$T$2:$V$15,MATCH(AE18,автоматы!$S$2:$S$15,0),MATCH(X18,автоматы!$T$1:$V$1,0)) -> iC60N C6 2P | AG18: =IF(U18<=6,6,IF(U18<=10,10,IF(U18<=16,16,IF(U18<=20,20,IF(U18<=25,25,IF(U18<=32,32,IF(U18<=40,40,"др.выкл"))))))) -> 6 | AH18: =VLOOKUP(AG18,автоматы!$Z$3:$AA$9,2,0) -> A9D31606 | AI18: =IF(U18<=15,15,IF(U18<=16,16,IF(U18<=20,20,IF(U18<=25,25,IF(U18<=32,32,IF(U18<=40,40,IF(U18<=45,45,IF(U18<=50,50,IF(U18<=60,60,IF(U18<=63,63,IF(U18<=75,75,IF(U18<=80,80,IF(U18<=100,100,IF(U18<=125,125,IF(U18<=150,150,IF(U18<=160,160,IF(U18<=175,175,IF(U18<=200,200,IF(U18<=225,225,IF(U18<=250,250,IF(U18<=320,320,IF(U18<=350,350,IF(U18<=400,400,"др.выкл"))))))))))))))))))))))) -> 15 | AJ18: =VLOOKUP(AI18,автоматы!$AE$3:$AF$26,2,0) -> EZC100F3015 | AK18: =IF(U18<=0.16,0.16,IF(U18<=0.25,0.25,IF(U18<=0.4,0.4,IF(U18<=0.63,0.63,IF(U18<=1,1,IF(U18<=1.6,1.6,IF(U18<=2.5,2.5,IF(U18<=4,4,IF(U18<=6.3,6.3,IF(U18<=10,10,IF(U18<=14,14,IF(U18<=18,18,IF(U18<=23,23,IF(U18<=25,25,IF(U18<=32,32,"др.авт"))))))))))))))) -> 2.5 | AL18: =VLOOKUP(AK18,DEKraft!$I$2:$J$16,2,0) -> 21226DEK | AM18: =IF(U18<=0.16,0.16,IF(U18<=0.25,0.25,IF(U18<=0.4,0.4,IF(U18<=0.63,0.63,IF(U18<=1,1,IF(U18<=1.6,1.6,IF(U18<=2.5,2.5,IF(U18<=4,4,IF(U18<=6.3,6.3,IF(U18<=10,10,IF(U18<=14,14,IF(U18<=18,18,IF(U18<=23,23,IF(U18<=25,25,IF(U18<=32,32,"др.авт"))))))))))))))) -> 2.5 | AN18: =VLOOKUP(AM18,systeme!$A$33:$B$47,2,0) -> GM2ME07 | AO18: =IF(U18<=0.16,0.16,IF(U18<=0.25,0.25,IF(U18<=0.4,0.4,IF(U18<=0.63,0.63,IF(U18<=1,1,IF(U18<=1.6,1.6,IF(U18<=2.5,2.5,IF(U18<=4,4,IF(U18<=6.3,6.3,IF(U18<=10,10,IF(U18<=14,14,IF(U18<=18,18,IF(U18<=23,23,IF(U18<=25,25,IF(U18<=32,32,"др.авт"))))))))))))))) -> 2.5 | AP18: =VLOOKUP(AO18,chint!$A$34:$B$48,2,0) -> 495078 | AQ18: =IF(U18<=6,6,IF(U18<=10,10,IF(U18<=16,16,IF(U18<=20,20,IF(U18<=25,25,IF(U18<=32,32,IF(U18<=40,40,IF(U18<=50,50,IF(U18<=63,63,"др.выкл"))))))))) -> 6 | AR18: =INDEX(DEKraft!$B$2:$D$13,MATCH(AQ18,DEKraft!$A$2:$A$13,0),MATCH(X18,DEKraft!$B$1:$D$1,0)) -> 13163DEK | AS18: =INDEX(DEKraft!$B$21:$D$32,MATCH(AQ18,DEKraft!$A$21:$A$32,0),MATCH(X18,DEKraft!$B$20:$D$20,0)) -> 12285DEK | AT18: =INDEX(systeme!$B$2:$D$10,MATCH(AQ18,systeme!$A$2:$A$10,0),MATCH(X18,systeme!$B$1:$D$1,0)) -> C9F36206 | AU18: =INDEX(chint!$B$2:$D$10,MATCH(AQ18,chint!$A$2:$A$10,0),MATCH(X18,chint!$B$1:$D$1,0)) -> 179667 | AV18: =IF(U18<=6,6,IF(U18<=10,10,IF(U18<=16,16,IF(U18<=20,20,IF(U18<=25,25,IF(U18<=32,32,IF(U18<=40,40,"др.выкл"))))))) -> 6 | AW18: =VLOOKUP(AV18,DEKraft!$A$41:$B$47,2,0) -> 16202DEK | AX18: =IF(U18<=10,10,IF(U18<=16,16,IF(U18<=20,20,IF(U18<=25,25,IF(U18<=32,32,IF(U18<=40,40,"др.выкл")))))) -> 10 | AY18: =VLOOKUP(AX18,systeme!$G$2:$H$7,2,0) -> C9D36610 | AZ18: =IF(U18<=6,6,IF(U18<=10,10,IF(U18<=16,16,IF(U18<=20,20,IF(U18<=25,25,IF(U18<=32,32,IF(U18<=40,40,"др.выкл"))))))) -> 6 | BA18: =VLOOKUP(AV18,chint!$G$2:$H$8,2,0) -> 689000 | BB18: =IF(U18<=25,25,IF(U18<=32,32,IF(U18<=40,40,IF(U18<=50,50,IF(U18<=63,63,IF(U18<=80,80,IF(U18<=100,100,IF(U18<=125,125,IF(U18<=140,140,IF(U18<=160,160,IF(U18<=200,200,IF(U18<=250,250,IF(U18<=320,320,IF(U18<=400,400,IF(U18<=500,500,IF(U18<=630,630,"др.выкл")))))))))))))))) -> 25 | BC18: =VLOOKUP(BB18,DEKraft!$I$21:$J$36,2,0) -> 28100DEK | BD18: =IF(U18<=16,16,IF(U18<=25,25,IF(U18<=32,32,IF(U18<=40,40,IF(U18<=50,50,IF(U18<=63,63,IF(U18<=80,80,IF(U18<=100,100,IF(U18<=125,125,IF(U18<=160,160,IF(U18<=200,200,IF(U18<=250,250,IF(U18<=400,400,IF(U18<=500,500,IF(U18<=600,600,"др.авт"))))))))))))))) -> 16 | BE18: =VLOOKUP(BD18,systeme!$A$16:$B$30,2,0) -> SPC100F016L3DF | BF18: =IF(U18<=16,16,IF(U18<=25,25,IF(U18<=32,32,IF(U18<=40,40,IF(U18<=50,50,IF(U18<=63,63,IF(U18<=80,80,IF(U18<=100,100,IF(U18<=125,125,IF(U18<=160,160,IF(U18<=200,200,IF(U18<=225,225,IF(U18<=250,250,IF(U18<=315,315,IF(U18<=350,350,IF(U18<=400,400,IF(U18<=500,500,IF(U18<=630,630,"др.выкл")))))))))))))))))) -> 16 | BG18: =VLOOKUP(BF18,chint!$A$14:$B$31,2,0) -> 271581 | BH18: =IF(U18<=6,6,IF(U18<=10,10,IF(U18<=16,16,IF(U18<=20,20,IF(U18<=25,25,IF(U18<=32,32,IF(U18<=40,40,IF(U18<=50,50,IF(U18<=63,63,"др.выкл"))))))))) -> 6 | BI18: =INDEX(КЭАЗ!$B$2:$E$14,MATCH(BH18,КЭАЗ!$A$2:$A$14,0),MATCH(X18,КЭАЗ!$B$1:$D$1,0)) -> kea.341916 | BJ18: =IF(U18<=6,6,IF(U18<=10,10,IF(U18<=16,16,IF(U18<=20,20,IF(U18<=25,25,IF(U18<=32,32,IF(U18<=40,40,IF(U18<=50,50,IF(U18<=63,63,IF(U18<=80,80,IF(U18<=100,100,IF(U18<=125,125,"др.выкл")))))))))))) -> 6 | BK18: =INDEX(hy!$B$2:$D$18,MATCH(BJ18,hy!$A$2:$A$18,0),MATCH(X18,hy!$B$1:$D$1,0)) -> HGD63M 2PMCS0000C 00006 | BL18: =VLOOKUP(BJ18,hy!$G$2:$H$15,2,0) -> HRO63M 1NG4С0000C00006G | BM18: =IF(U18<=0.16,0.16,IF(U18<=0.25,0.25,IF(U18<=0.4,0.4,IF(U18<=0.63,0.63,IF(U18<=1,1,IF(U18<=1.6,1.6,IF(U18<=2.5,2.5,IF(U18<=4,4,IF(U18<=6.3,6.3,IF(U18<=10,10,IF(U18<=14,14,IF(U18<=18,18,IF(U18<=23,23,IF(U18<=25,25,IF(U18<=32,32,"др.авт"))))))))))))))) -> 2.5 | BN18: =VLOOKUP(BM18,hy!$A$41:$B$55,2,0) -> MMS32K 02P5 | BO18: =IF(U18<=100,100,IF(U18<=125,125,IF(U18<=150,150,IF(U18<=160,160,IF(U18<=175,175,IF(U18<=200,200,IF(U18<=225,225,IF(U18<=250,250,IF(U18<=300,300,IF(U18<=350,350,IF(U18<=400,400,IF(U18<=500,500,IF(U18<=630,630,IF(U18<=700,700,IF(U18<=800,800,"др.выкл"))))))))))))))) -> 100 | BP18: =VLOOKUP(BO18,hy!$A$21:$B$35,2,0) -> HGP100S-G 3PT4S0000C 00100H | BQ18: =IF($W18=автоматы!$D$45,Z18,IF($W18=автоматы!$D$46,AF18,IF($W18=автоматы!$D$47,AH18,IF($W18=автоматы!$D$48,AB18,IF($W18=автоматы!$D$49,AJ18,IF($W18=автоматы!$D$50,AD18,IF($W18=автоматы!$D$51,BI18,IF($W18=автоматы!$D$52,AR18,IF($W18=автоматы!$D$53,AS18,IF($W18=автоматы!$D$54,AW18,IF($W18=автоматы!$D$55,AL18,IF($W18=автоматы!$D$56,BC18,IF($W18=автоматы!$D$57,AT18,IF($W18=автоматы!$D$58,AY18,IF($W18=автоматы!$D$59,AN18,IF($W18=автоматы!$D$60,BE18,IF($W18=автоматы!$D$61,AU18,IF($W18=автоматы!$D$62,BA18,IF($W18=автоматы!$D$63,AP18,IF($W18=автоматы!$D$64,BG18,IF($W18=автоматы!$D$65,BK18,IF($W18=автоматы!$D$66,BL18,IF($W18=автоматы!$D$67,BN18,IF($W18=автоматы!$D$68,BP18,"др")))))))))))))))))))))))) -> 495078 | BR18: =IF($W18=автоматы!$D$45,Y18,IF($W18=автоматы!$D$46,AE18,IF($W18=автоматы!$D$47,AG18,IF($W18=автоматы!$D$48,AA18,IF($W18=автоматы!$D$49,AI18,IF($W18=автоматы!$D$50,AC18,IF($W18=автоматы!$D$51,BH18,IF($W18=автоматы!$D$52,AQ18,IF($W18=автоматы!$D$53,AQ18,IF($W18=автоматы!$D$54,AV18,IF($W18=автоматы!$D$55,AK18,IF($W18=автоматы!$D$56,BB18,IF($W18=автоматы!$D$57,AQ18,IF($W18=автоматы!$D$58,AX18,IF($W18=автоматы!$D$59,AM18,IF($W18=автоматы!$D$60,BD18,IF($W18=автоматы!$D$61,AQ18,IF($W18=автоматы!$D$62,AZ18,IF($W18=автоматы!$D$63,AO18,IF($W18=автоматы!$D$64,BF18,IF($W18=автоматы!$D$65,BJ18,IF($W18=автоматы!$D$66,BJ18,IF($W18=автоматы!$D$67,BM18,IF($W18=автоматы!$D$68,BO18,"др")))))))))))))))))))))))) -> 2.5 | BS18: =CONCATENATE(IF($W18=автоматы!$A$1,Y18,IF($W18=автоматы!$H$1,VLOOKUP(AA18,автоматы!$H$3:$K$17,3,0),IF($W18=автоматы!$N$1,VLOOKUP(AC18,автоматы!$N$3:$Q$19,3,0),IF($W18=автоматы!$S$17,AE18,IF($W18=автоматы!$Z$1,AG18,IF($W18=автоматы!$AE$1,AI18,"др"))))))," А") -> др А | BT18: =IF($W18=автоматы!$A$1,Y18*10,IF($W18=автоматы!$H$1,VLOOKUP(AA18,автоматы!$H$3:$K$17,4,0),IF($W18=автоматы!$N$1,VLOOKUP(AC18,автоматы!$N$3:$Q$19,4,0),IF($W18=автоматы!$S$17,AE18*10,IF($W18=автоматы!$Z$1,AG18*10,IF($W18=автоматы!$AE$1,AI18*10,"др")))))) -> др | BV18: ВВГнг(А)-LS | BW18: 1 | BX18: 3 | BY18: 1.5 | BZ18: =HLOOKUP(BV18,каталог!$CG$1:$CO$22,MATCH(BY18,каталог!$CF$1:$CF$22,0),0)*BW18 -> 19 | CA18: =CONCATENATE("н",C18,"") -> нП1 | CB18: =CONCATENATE(BV18," ",BX18,"x",BY18) -> ВВГнг(А)-LS 3x1,5
A19: 12 | B19: 100 | C19: П2 | D19: Вентилятор осевой с регулятором скорости | E19: 220 | F19: L1 | G19: 0.42 | H19: =IF(E19<=230,(G19)/((E19/1000)*J19*(B19/100)),(G19)/(1.732*(E19/1000)*J19*(B19/100))) -> 1.9090909 | I19: 1 | J19: 1 | K19: =ROUND(SQRT(1-(J19)^2)/J19,2) -> 0 | L19: =I19*G19 -> 0.42 | M19: =I19*G19*K19 -> 0 | N19: =1*G19^2 -> 0.1764 | U19: =H19*1.1 -> 2.1 | V19: =7*H19 -> 13.363636 | W19: Ch_NS2 | X19: 2Р | Y19: =IF(U19<=6,6,IF(U19<=10,10,IF(U19<=16,16,IF(U19<=20,20,IF(U19<=25,25,IF(U19<=32,32,IF(U19<=40,40,IF(U19<=50,50,IF(U19<=63,63,"др.выкл"))))))))) -> 6 | Z19: =INDEX(автоматы!$B$3:$D$11,MATCH(Y19,автоматы!$A$3:$A$11,0),MATCH(X19,кол_пол,0)) -> EZ9F34206 | AA19: =IF(U19<=0.16,0.16,IF(U19<=0.25,0.25,IF(U19<=0.4,0.4,IF(U19<=0.63,0.63,IF(U19<=1,1,IF(U19<=1.6,1.6,IF(U19<=2.5,2.5,IF(U19<=4,4,IF(U19<=6.3,6.3,IF(U19<=10,10,IF(U19<=14,14,IF(U19<=18,18,IF(U19<=23,23,IF(U19<=25,25,IF(U19<=32,32,"др.авт"))))))))))))))) -> 2.5 | AB19: =VLOOKUP(AA19,автоматы!$H$3:$I$17,2,0) -> GZ1 E07 | AC19: =IF(U19<=20,20,IF(U19<=25,25,IF(U19<=32,32,IF(U19<=40,40,IF(U19<=50,50,IF(U19<=63,63,IF(U19<=80,80,IF(U19<=100,100,IF(U19<=125,125,IF(U19<=160,160,IF(U19<=200,200,IF(U19<=250,250,IF(U19<=300,300,IF(U19<=320,320,IF(U19<=400,400,IF(U19<=500,500,IF(U19<=630,630,"др.авт"))))))))))))))))) -> 20 | AD19: =VLOOKUP(AC19,автоматы!$N$3:$O$19,2,0) -> LZMB1-A20-I | AE19: =IF(U19<=6,6,IF(U19<=10,10,IF(U19<=16,16,IF(U19<=20,20,IF(U19<=25,25,IF(U19<=32,32,IF(U19<=40,40,IF(U19<=50,50,IF(U19<=63,63,"др.выкл"))))))))) -> 6 | AF19: =INDEX(автоматы!$T$2:$V$15,MATCH(AE19,автоматы!$S$2:$S$15,0),MATCH(X19,автоматы!$T$1:$V$1,0)) -> iC60N C6 2P | AG19: =IF(U19<=6,6,IF(U19<=10,10,IF(U19<=16,16,IF(U19<=20,20,IF(U19<=25,25,IF(U19<=32,32,IF(U19<=40,40,"др.выкл"))))))) -> 6 | AH19: =VLOOKUP(AG19,автоматы!$Z$3:$AA$9,2,0) -> A9D31606 | AI19: =IF(U19<=15,15,IF(U19<=16,16,IF(U19<=20,20,IF(U19<=25,25,IF(U19<=32,32,IF(U19<=40,40,IF(U19<=45,45,IF(U19<=50,50,IF(U19<=60,60,IF(U19<=63,63,IF(U19<=75,75,IF(U19<=80,80,IF(U19<=100,100,IF(U19<=125,125,IF(U19<=150,150,IF(U19<=160,160,IF(U19<=175,175,IF(U19<=200,200,IF(U19<=225,225,IF(U19<=250,250,IF(U19<=320,320,IF(U19<=350,350,IF(U19<=400,400,"др.выкл"))))))))))))))))))))))) -> 15 | AJ19: =VLOOKUP(AI19,автоматы!$AE$3:$AF$26,2,0) -> EZC100F3015 | AK19: =IF(U19<=0.16,0.16,IF(U19<=0.25,0.25,IF(U19<=0.4,0.4,IF(U19<=0.63,0.63,IF(U19<=1,1,IF(U19<=1.6,1.6,IF(U19<=2.5,2.5,IF(U19<=4,4,IF(U19<=6.3,6.3,IF(U19<=10,10,IF(U19<=14,14,IF(U19<=18,18,IF(U19<=23,23,IF(U19<=25,25,IF(U19<=32,32,"др.авт"))))))))))))))) -> 2.5 | AL19: =VLOOKUP(AK19,DEKraft!$I$2:$J$16,2,0) -> 21226DEK | AM19: =IF(U19<=0.16,0.16,IF(U19<=0.25,0.25,IF(U19<=0.4,0.4,IF(U19<=0.63,0.63,IF(U19<=1,1,IF(U19<=1.6,1.6,IF(U19<=2.5,2.5,IF(U19<=4,4,IF(U19<=6.3,6.3,IF(U19<=10,10,IF(U19<=14,14,IF(U19<=18,18,IF(U19<=23,23,IF(U19<=25,25,IF(U19<=32,32,"др.авт"))))))))))))))) -> 2.5 | AN19: =VLOOKUP(AM19,systeme!$A$33:$B$47,2,0) -> GM2ME07 | AO19: =IF(U19<=0.16,0.16,IF(U19<=0.25,0.25,IF(U19<=0.4,0.4,IF(U19<=0.63,0.63,IF(U19<=1,1,IF(U19<=1.6,1.6,IF(U19<=2.5,2.5,IF(U19<=4,4,IF(U19<=6.3,6.3,IF(U19<=10,10,IF(U19<=14,14,IF(U19<=18,18,IF(U19<=23,23,IF(U19<=25,25,IF(U19<=32,32,"др.авт"))))))))))))))) -> 2.5 | AP19: =VLOOKUP(AO19,chint!$A$34:$B$48,2,0) -> 495078 | AQ19: =IF(U19<=6,6,IF(U19<=10,10,IF(U19<=16,16,IF(U19<=20,20,IF(U19<=25,25,IF(U19<=32,32,IF(U19<=40,40,IF(U19<=50,50,IF(U19<=63,63,"др.выкл"))))))))) -> 6 | AR19: =INDEX(DEKraft!$B$2:$D$13,MATCH(AQ19,DEKraft!$A$2:$A$13,0),MATCH(X19,DEKraft!$B$1:$D$1,0)) -> 13163DEK | AS19: =INDEX(DEKraft!$B$21:$D$32,MATCH(AQ19,DEKraft!$A$21:$A$32,0),MATCH(X19,DEKraft!$B$20:$D$20,0)) -> 12285DEK | AT19: =INDEX(systeme!$B$2:$D$10,MATCH(AQ19,systeme!$A$2:$A$10,0),MATCH(X19,systeme!$B$1:$D$1,0)) -> C9F36206 | AU19: =INDEX(chint!$B$2:$D$10,MATCH(AQ19,chint!$A$2:$A$10,0),MATCH(X19,chint!$B$1:$D$1,0)) -> 179667 | AV19: =IF(U19<=6,6,IF(U19<=10,10,IF(U19<=16,16,IF(U19<=20,20,IF(U19<=25,25,IF(U19<=32,32,IF(U19<=40,40,"др.выкл"))))))) -> 6 | AW19: =VLOOKUP(AV19,DEKraft!$A$41:$B$47,2,0) -> 16202DEK | AX19: =IF(U19<=10,10,IF(U19<=16,16,IF(U19<=20,20,IF(U19<=25,25,IF(U19<=32,32,IF(U19<=40,40,"др.выкл")))))) -> 10 | AY19: =VLOOKUP(AX19,systeme!$G$2:$H$7,2,0) -> C9D36610 | AZ19: =IF(U19<=6,6,IF(U19<=10,10,IF(U19<=16,16,IF(U19<=20,20,IF(U19<=25,25,IF(U19<=32,32,IF(U19<=40,40,"др.выкл"))))))) -> 6 | BA19: =VLOOKUP(AV19,chint!$G$2:$H$8,2,0) -> 689000 | BB19: =IF(U19<=25,25,IF(U19<=32,32,IF(U19<=40,40,IF(U19<=50,50,IF(U19<=63,63,IF(U19<=80,80,IF(U19<=100,100,IF(U19<=125,125,IF(U19<=140,140,IF(U19<=160,160,IF(U19<=200,200,IF(U19<=250,250,IF(U19<=320,320,IF(U19<=400,400,IF(U19<=500,500,IF(U19<=630,630,"др.выкл")))))))))))))))) -> 25 | BC19: =VLOOKUP(BB19,DEKraft!$I$21:$J$36,2,0) -> 28100DEK | BD19: =IF(U19<=16,16,IF(U19<=25,25,IF(U19<=32,32,IF(U19<=40,40,IF(U19<=50,50,IF(U19<=63,63,IF(U19<=80,80,IF(U19<=100,100,IF(U19<=125,125,IF(U19<=160,160,IF(U19<=200,200,IF(U19<=250,250,IF(U19<=400,400,IF(U19<=500,500,IF(U19<=600,600,"др.авт"))))))))))))))) -> 16 | BE19: =VLOOKUP(BD19,systeme!$A$16:$B$30,2,0) -> SPC100F016L3DF | BF19: =IF(U19<=16,16,IF(U19<=25,25,IF(U19<=32,32,IF(U19<=40,40,IF(U19<=50,50,IF(U19<=63,63,IF(U19<=80,80,IF(U19<=100,100,IF(U19<=125,125,IF(U19<=160,160,IF(U19<=200,200,IF(U19<=225,225,IF(U19<=250,250,IF(U19<=315,315,IF(U19<=350,350,IF(U19<=400,400,IF(U19<=500,500,IF(U19<=630,630,"др.выкл")))))))))))))))))) -> 16 | BG19: =VLOOKUP(BF19,chint!$A$14:$B$31,2,0) -> 271581 | BH19: =IF(U19<=6,6,IF(U19<=10,10,IF(U19<=16,16,IF(U19<=20,20,IF(U19<=25,25,IF(U19<=32,32,IF(U19<=40,40,IF(U19<=50,50,IF(U19<=63,63,"др.выкл"))))))))) -> 6 | BI19: =INDEX(КЭАЗ!$B$2:$E$14,MATCH(BH19,КЭАЗ!$A$2:$A$14,0),MATCH(X19,КЭАЗ!$B$1:$D$1,0)) -> kea.341916 | BJ19: =IF(U19<=6,6,IF(U19<=10,10,IF(U19<=16,16,IF(U19<=20,20,IF(U19<=25,25,IF(U19<=32,32,IF(U19<=40,40,IF(U19<=50,50,IF(U19<=63,63,IF(U19<=80,80,IF(U19<=100,100,IF(U19<=125,125,"др.выкл")))))))))))) -> 6 | BK19: =INDEX(hy!$B$2:$D$18,MATCH(BJ19,hy!$A$2:$A$18,0),MATCH(X19,hy!$B$1:$D$1,0)) -> HGD63M 2PMCS0000C 00006 | BL19: =VLOOKUP(BJ19,hy!$G$2:$H$15,2,0) -> HRO63M 1NG4С0000C00006G | BM19: =IF(U19<=0.16,0.16,IF(U19<=0.25,0.25,IF(U19<=0.4,0.4,IF(U19<=0.63,0.63,IF(U19<=1,1,IF(U19<=1.6,1.6,IF(U19<=2.5,2.5,IF(U19<=4,4,IF(U19<=6.3,6.3,IF(U19<=10,10,IF(U19<=14,14,IF(U19<=18,18,IF(U19<=23,23,IF(U19<=25,25,IF(U19<=32,32,"др.авт"))))))))))))))) -> 2.5 | BN19: =VLOOKUP(BM19,hy!$A$41:$B$55,2,0) -> MMS32K 02P5 | BO19: =IF(U19<=100,100,IF(U19<=125,125,IF(U19<=150,150,IF(U19<=160,160,IF(U19<=175,175,IF(U19<=200,200,IF(U19<=225,225,IF(U19<=250,250,IF(U19<=300,300,IF(U19<=350,350,IF(U19<=400,400,IF(U19<=500,500,IF(U19<=630,630,IF(U19<=700,700,IF(U19<=800,800,"др.выкл"))))))))))))))) -> 100 | BP19: =VLOOKUP(BO19,hy!$A$21:$B$35,2,0) -> HGP100S-G 3PT4S0000C 00100H | BQ19: =IF($W19=автоматы!$D$45,Z19,IF($W19=автоматы!$D$46,AF19,IF($W19=автоматы!$D$47,AH19,IF($W19=автоматы!$D$48,AB19,IF($W19=автоматы!$D$49,AJ19,IF($W19=автоматы!$D$50,AD19,IF($W19=автоматы!$D$51,BI19,IF($W19=автоматы!$D$52,AR19,IF($W19=автоматы!$D$53,AS19,IF($W19=автоматы!$D$54,AW19,IF($W19=автоматы!$D$55,AL19,IF($W19=автоматы!$D$56,BC19,IF($W19=автоматы!$D$57,AT19,IF($W19=автоматы!$D$58,AY19,IF($W19=автоматы!$D$59,AN19,IF($W19=автоматы!$D$60,BE19,IF($W19=автоматы!$D$61,AU19,IF($W19=автоматы!$D$62,BA19,IF($W19=автоматы!$D$63,AP19,IF($W19=автоматы!$D$64,BG19,IF($W19=автоматы!$D$65,BK19,IF($W19=автоматы!$D$66,BL19,IF($W19=автоматы!$D$67,BN19,IF($W19=автоматы!$D$68,BP19,"др")))))))))))))))))))))))) -> 495078 | BR19: =IF($W19=автоматы!$D$45,Y19,IF($W19=автоматы!$D$46,AE19,IF($W19=автоматы!$D$47,AG19,IF($W19=автоматы!$D$48,AA19,IF($W19=автоматы!$D$49,AI19,IF($W19=автоматы!$D$50,AC19,IF($W19=автоматы!$D$51,BH19,IF($W19=автоматы!$D$52,AQ19,IF($W19=автоматы!$D$53,AQ19,IF($W19=автоматы!$D$54,AV19,IF($W19=автоматы!$D$55,AK19,IF($W19=автоматы!$D$56,BB19,IF($W19=автоматы!$D$57,AQ19,IF($W19=автоматы!$D$58,AX19,IF($W19=автоматы!$D$59,AM19,IF($W19=автоматы!$D$60,BD19,IF($W19=автоматы!$D$61,AQ19,IF($W19=автоматы!$D$62,AZ19,IF($W19=автоматы!$D$63,AO19,IF($W19=автоматы!$D$64,BF19,IF($W19=автоматы!$D$65,BJ19,IF($W19=автоматы!$D$66,BJ19,IF($W19=автоматы!$D$67,BM19,IF($W19=автоматы!$D$68,BO19,"др")))))))))))))))))))))))) -> 2.5 | BS19: =CONCATENATE(IF($W19=автоматы!$A$1,Y19,IF($W19=автоматы!$H$1,VLOOKUP(AA19,автоматы!$H$3:$K$17,3,0),IF($W19=автоматы!$N$1,VLOOKUP(AC19,автоматы!$N$3:$Q$19,3,0),IF($W19=автоматы!$S$17,AE19,IF($W19=автоматы!$Z$1,AG19,IF($W19=автоматы!$AE$1,AI19,"др"))))))," А") -> др А | BT19: =IF($W19=автоматы!$A$1,Y19*10,IF($W19=автоматы!$H$1,VLOOKUP(AA19,автоматы!$H$3:$K$17,4,0),IF($W19=автоматы!$N$1,VLOOKUP(AC19,автоматы!$N$3:$Q$19,4,0),IF($W19=автоматы!$S$17,AE19*10,IF($W19=автоматы!$Z$1,AG19*10,IF($W19=автоматы!$AE$1,AI19*10,"др")))))) -> др | BV19: ВВГнг(А)-LS | BW19: 1 | BX19: 3 | BY19: 1.5 | BZ19: =HLOOKUP(BV19,каталог!$CG$1:$CO$22,MATCH(BY19,каталог!$CF$1:$CF$22,0),0)*BW19 -> 19 | CA19: =CONCATENATE("н",C19,"") -> нП2 | CB19: =CONCATENATE(BV19," ",BX19,"x",BY19) -> ВВГнг(А)-LS 3x1,5
A20: 11 | B20: 100 | C20: П3 | D20: Вентилятор осевой с регулятором скорости | E20: 220 | F20: L1 | G20: 0.42 | H20: =IF(E20<=230,(G20)/((E20/1000)*J20*(B20/100)),(G20)/(1.732*(E20/1000)*J20*(B20/100))) -> 1.9090909 | I20: 1 | J20: 1 | K20: =ROUND(SQRT(1-(J20)^2)/J20,2) -> 0 | L20: =I20*G20 -> 0.42 | M20: =I20*G20*K20 -> 0 | N20: =1*G20^2 -> 0.1764 | U20: =H20*1.1 -> 2.1 | V20: =7*H20 -> 13.363636 | W20: Ch_NS2 | X20: 2Р | Y20: =IF(U20<=6,6,IF(U20<=10,10,IF(U20<=16,16,IF(U20<=20,20,IF(U20<=25,25,IF(U20<=32,32,IF(U20<=40,40,IF(U20<=50,50,IF(U20<=63,63,"др.выкл"))))))))) -> 6 | Z20: =INDEX(автоматы!$B$3:$D$11,MATCH(Y20,автоматы!$A$3:$A$11,0),MATCH(X20,кол_пол,0)) -> EZ9F34206 | AA20: =IF(U20<=0.16,0.16,IF(U20<=0.25,0.25,IF(U20<=0.4,0.4,IF(U20<=0.63,0.63,IF(U20<=1,1,IF(U20<=1.6,1.6,IF(U20<=2.5,2.5,IF(U20<=4,4,IF(U20<=6.3,6.3,IF(U20<=10,10,IF(U20<=14,14,IF(U20<=18,18,IF(U20<=23,23,IF(U20<=25,25,IF(U20<=32,32,"др.авт"))))))))))))))) -> 2.5 | AB20: =VLOOKUP(AA20,автоматы!$H$3:$I$17,2,0) -> GZ1 E07 | AC20: =IF(U20<=20,20,IF(U20<=25,25,IF(U20<=32,32,IF(U20<=40,40,IF(U20<=50,50,IF(U20<=63,63,IF(U20<=80,80,IF(U20<=100,100,IF(U20<=125,125,IF(U20<=160,160,IF(U20<=200,200,IF(U20<=250,250,IF(U20<=300,300,IF(U20<=320,320,IF(U20<=400,400,IF(U20<=500,500,IF(U20<=630,630,"др.авт"))))))))))))))))) -> 20 | AD20: =VLOOKUP(AC20,автоматы!$N$3:$O$19,2,0) -> LZMB1-A20-I | AE20: =IF(U20<=6,6,IF(U20<=10,10,IF(U20<=16,16,IF(U20<=20,20,IF(U20<=25,25,IF(U20<=32,32,IF(U20<=40,40,IF(U20<=50,50,IF(U20<=63,63,"др.выкл"))))))))) -> 6 | AF20: =INDEX(автоматы!$T$2:$V$15,MATCH(AE20,автоматы!$S$2:$S$15,0),MATCH(X20,автоматы!$T$1:$V$1,0)) -> iC60N C6 2P | AG20: =IF(U20<=6,6,IF(U20<=10,10,IF(U20<=16,16,IF(U20<=20,20,IF(U20<=25,25,IF(U20<=32,32,IF(U20<=40,40,"др.выкл"))))))) -> 6 | AH20: =VLOOKUP(AG20,автоматы!$Z$3:$AA$9,2,0) -> A9D31606 | AI20: =IF(U20<=15,15,IF(U20<=16,16,IF(U20<=20,20,IF(U20<=25,25,IF(U20<=32,32,IF(U20<=40,40,IF(U20<=45,45,IF(U20<=50,50,IF(U20<=60,60,IF(U20<=63,63,IF(U20<=75,75,IF(U20<=80,80,IF(U20<=100,100,IF(U20<=125,125,IF(U20<=150,150,IF(U20<=160,160,IF(U20<=175,175,IF(U20<=200,200,IF(U20<=225,225,IF(U20<=250,250,IF(U20<=320,320,IF(U20<=350,350,IF(U20<=400,400,"др.выкл"))))))))))))))))))))))) -> 15 | AJ20: =VLOOKUP(AI20,автоматы!$AE$3:$AF$26,2,0) -> EZC100F3015 | AK20: =IF(U20<=0.16,0.16,IF(U20<=0.25,0.25,IF(U20<=0.4,0.4,IF(U20<=0.63,0.63,IF(U20<=1,1,IF(U20<=1.6,1.6,IF(U20<=2.5,2.5,IF(U20<=4,4,IF(U20<=6.3,6.3,IF(U20<=10,10,IF(U20<=14,14,IF(U20<=18,18,IF(U20<=23,23,IF(U20<=25,25,IF(U20<=32,32,"др.авт"))))))))))))))) -> 2.5 | AL20: =VLOOKUP(AK20,DEKraft!$I$2:$J$16,2,0) -> 21226DEK | AM20: =IF(U20<=0.16,0.16,IF(U20<=0.25,0.25,IF(U20<=0.4,0.4,IF(U20<=0.63,0.63,IF(U20<=1,1,IF(U20<=1.6,1.6,IF(U20<=2.5,2.5,IF(U20<=4,4,IF(U20<=6.3,6.3,IF(U20<=10,10,IF(U20<=14,14,IF(U20<=18,18,IF(U20<=23,23,IF(U20<=25,25,IF(U20<=32,32,"др.авт"))))))))))))))) -> 2.5 | AN20: =VLOOKUP(AM20,systeme!$A$33:$B$47,2,0) -> GM2ME07 | AO20: =IF(U20<=0.16,0.16,IF(U20<=0.25,0.25,IF(U20<=0.4,0.4,IF(U20<=0.63,0.63,IF(U20<=1,1,IF(U20<=1.6,1.6,IF(U20<=2.5,2.5,IF(U20<=4,4,IF(U20<=6.3,6.3,IF(U20<=10,10,IF(U20<=14,14,IF(U20<=18,18,IF(U20<=23,23,IF(U20<=25,25,IF(U20<=32,32,"др.авт"))))))))))))))) -> 2.5 | AP20: =VLOOKUP(AO20,chint!$A$34:$B$48,2,0) -> 495078 | AQ20: =IF(U20<=6,6,IF(U20<=10,10,IF(U20<=16,16,IF(U20<=20,20,IF(U20<=25,25,IF(U20<=32,32,IF(U20<=40,40,IF(U20<=50,50,IF(U20<=63,63,"др.выкл"))))))))) -> 6 | AR20: =INDEX(DEKraft!$B$2:$D$13,MATCH(AQ20,DEKraft!$A$2:$A$13,0),MATCH(X20,DEKraft!$B$1:$D$1,0)) -> 13163DEK | AS20: =INDEX(DEKraft!$B$21:$D$32,MATCH(AQ20,DEKraft!$A$21:$A$32,0),MATCH(X20,DEKraft!$B$20:$D$20,0)) -> 12285DEK | AT20: =INDEX(systeme!$B$2:$D$10,MATCH(AQ20,systeme!$A$2:$A$10,0),MATCH(X20,systeme!$B$1:$D$1,0)) -> C9F36206 | AU20: =INDEX(chint!$B$2:$D$10,MATCH(AQ20,chint!$A$2:$A$10,0),MATCH(X20,chint!$B$1:$D$1,0)) -> 179667 | AV20: =IF(U20<=6,6,IF(U20<=10,10,IF(U20<=16,16,IF(U20<=20,20,IF(U20<=25,25,IF(U20<=32,32,IF(U20<=40,40,"др.выкл"))))))) -> 6 | AW20: =VLOOKUP(AV20,DEKraft!$A$41:$B$47,2,0) -> 16202DEK | AX20: =IF(U20<=10,10,IF(U20<=16,16,IF(U20<=20,20,IF(U20<=25,25,IF(U20<=32,32,IF(U20<=40,40,"др.выкл")))))) -> 10 | AY20: =VLOOKUP(AX20,systeme!$G$2:$H$7,2,0) -> C9D36610 | AZ20: =IF(U20<=6,6,IF(U20<=10,10,IF(U20<=16,16,IF(U20<=20,20,IF(U20<=25,25,IF(U20<=32,32,IF(U20<=40,40,"др.выкл"))))))) -> 6 | BA20: =VLOOKUP(AV20,chint!$G$2:$H$8,2,0) -> 689000 | BB20: =IF(U20<=25,25,IF(U20<=32,32,IF(U20<=40,40,IF(U20<=50,50,IF(U20<=63,63,IF(U20<=80,80,IF(U20<=100,100,IF(U20<=125,125,IF(U20<=140,140,IF(U20<=160,160,IF(U20<=200,200,IF(U20<=250,250,IF(U20<=320,320,IF(U20<=400,400,IF(U20<=500,500,IF(U20<=630,630,"др.выкл")))))))))))))))) -> 25 | BC20: =VLOOKUP(BB20,DEKraft!$I$21:$J$36,2,0) -> 28100DEK | BD20: =IF(U20<=16,16,IF(U20<=25,25,IF(U20<=32,32,IF(U20<=40,40,IF(U20<=50,50,IF(U20<=63,63,IF(U20<=80,80,IF(U20<=100,100,IF(U20<=125,125,IF(U20<=160,160,IF(U20<=200,200,IF(U20<=250,250,IF(U20<=400,400,IF(U20<=500,500,IF(U20<=600,600,"др.авт"))))))))))))))) -> 16 | BE20: =VLOOKUP(BD20,systeme!$A$16:$B$30,2,0) -> SPC100F016L3DF | BF20: =IF(U20<=16,16,IF(U20<=25,25,IF(U20<=32,32,IF(U20<=40,40,IF(U20<=50,50,IF(U20<=63,63,IF(U20<=80,80,IF(U20<=100,100,IF(U20<=125,125,IF(U20<=160,160,IF(U20<=200,200,IF(U20<=225,225,IF(U20<=250,250,IF(U20<=315,315,IF(U20<=350,350,IF(U20<=400,400,IF(U20<=500,500,IF(U20<=630,630,"др.выкл")))))))))))))))))) -> 16 | BG20: =VLOOKUP(BF20,chint!$A$14:$B$31,2,0) -> 271581 | BH20: =IF(U20<=6,6,IF(U20<=10,10,IF(U20<=16,16,IF(U20<=20,20,IF(U20<=25,25,IF(U20<=32,32,IF(U20<=40,40,IF(U20<=50,50,IF(U20<=63,63,"др.выкл"))))))))) -> 6 | BI20: =INDEX(КЭАЗ!$B$2:$E$14,MATCH(BH20,КЭАЗ!$A$2:$A$14,0),MATCH(X20,КЭАЗ!$B$1:$D$1,0)) -> kea.341916 | BJ20: =IF(U20<=6,6,IF(U20<=10,10,IF(U20<=16,16,IF(U20<=20,20,IF(U20<=25,25,IF(U20<=32,32,IF(U20<=40,40,IF(U20<=50,50,IF(U20<=63,63,IF(U20<=80,80,IF(U20<=100,100,IF(U20<=125,125,"др.выкл")))))))))))) -> 6 | BK20: =INDEX(hy!$B$2:$D$18,MATCH(BJ20,hy!$A$2:$A$18,0),MATCH(X20,hy!$B$1:$D$1,0)) -> HGD63M 2PMCS0000C 00006 | BL20: =VLOOKUP(BJ20,hy!$G$2:$H$15,2,0) -> HRO63M 1NG4С0000C00006G | BM20: =IF(U20<=0.16,0.16,IF(U20<=0.25,0.25,IF(U20<=0.4,0.4,IF(U20<=0.63,0.63,IF(U20<=1,1,IF(U20<=1.6,1.6,IF(U20<=2.5,2.5,IF(U20<=4,4,IF(U20<=6.3,6.3,IF(U20<=10,10,IF(U20<=14,14,IF(U20<=18,18,IF(U20<=23,23,IF(U20<=25,25,IF(U20<=32,32,"др.авт"))))))))))))))) -> 2.5 | BN20: =VLOOKUP(BM20,hy!$A$41:$B$55,2,0) -> MMS32K 02P5 | BO20: =IF(U20<=100,100,IF(U20<=125,125,IF(U20<=150,150,IF(U20<=160,160,IF(U20<=175,175,IF(U20<=200,200,IF(U20<=225,225,IF(U20<=250,250,IF(U20<=300,300,IF(U20<=350,350,IF(U20<=400,400,IF(U20<=500,500,IF(U20<=630,630,IF(U20<=700,700,IF(U20<=800,800,"др.выкл"))))))))))))))) -> 100 | BP20: =VLOOKUP(BO20,hy!$A$21:$B$35,2,0) -> HGP100S-G 3PT4S0000C 00100H | BQ20: =IF($W20=автоматы!$D$45,Z20,IF($W20=автоматы!$D$46,AF20,IF($W20=автоматы!$D$47,AH20,IF($W20=автоматы!$D$48,AB20,IF($W20=автоматы!$D$49,AJ20,IF($W20=автоматы!$D$50,AD20,IF($W20=автоматы!$D$51,BI20,IF($W20=автоматы!$D$52,AR20,IF($W20=автоматы!$D$53,AS20,IF($W20=автоматы!$D$54,AW20,IF($W20=автоматы!$D$55,AL20,IF($W20=автоматы!$D$56,BC20,IF($W20=автоматы!$D$57,AT20,IF($W20=автоматы!$D$58,AY20,IF($W20=автоматы!$D$59,AN20,IF($W20=автоматы!$D$60,BE20,IF($W20=автоматы!$D$61,AU20,IF($W20=автоматы!$D$62,BA20,IF($W20=автоматы!$D$63,AP20,IF($W20=автоматы!$D$64,BG20,IF($W20=автоматы!$D$65,BK20,IF($W20=автоматы!$D$66,BL20,IF($W20=автоматы!$D$67,BN20,IF($W20=автоматы!$D$68,BP20,"др")))))))))))))))))))))))) -> 495078 | BR20: =IF($W20=автоматы!$D$45,Y20,IF($W20=автоматы!$D$46,AE20,IF($W20=автоматы!$D$47,AG20,IF($W20=автоматы!$D$48,AA20,IF($W20=автоматы!$D$49,AI20,IF($W20=автоматы!$D$50,AC20,IF($W20=автоматы!$D$51,BH20,IF($W20=автоматы!$D$52,AQ20,IF($W20=автоматы!$D$53,AQ20,IF($W20=автоматы!$D$54,AV20,IF($W20=автоматы!$D$55,AK20,IF($W20=автоматы!$D$56,BB20,IF($W20=автоматы!$D$57,AQ20,IF($W20=автоматы!$D$58,AX20,IF($W20=автоматы!$D$59,AM20,IF($W20=автоматы!$D$60,BD20,IF($W20=автоматы!$D$61,AQ20,IF($W20=автоматы!$D$62,AZ20,IF($W20=автоматы!$D$63,AO20,IF($W20=автоматы!$D$64,BF20,IF($W20=автоматы!$D$65,BJ20,IF($W20=автоматы!$D$66,BJ20,IF($W20=автоматы!$D$67,BM20,IF($W20=автоматы!$D$68,BO20,"др")))))))))))))))))))))))) -> 2.5 | BS20: =CONCATENATE(IF($W20=автоматы!$A$1,Y20,IF($W20=автоматы!$H$1,VLOOKUP(AA20,автоматы!$H$3:$K$17,3,0),IF($W20=автоматы!$N$1,VLOOKUP(AC20,автоматы!$N$3:$Q$19,3,0),IF($W20=автоматы!$S$17,AE20,IF($W20=автоматы!$Z$1,AG20,IF($W20=автоматы!$AE$1,AI20,"др"))))))," А") -> др А | BT20: =IF($W20=автоматы!$A$1,Y20*10,IF($W20=автоматы!$H$1,VLOOKUP(AA20,автоматы!$H$3:$K$17,4,0),IF($W20=автоматы!$N$1,VLOOKUP(AC20,автоматы!$N$3:$Q$19,4,0),IF($W20=автоматы!$S$17,AE20*10,IF($W20=автоматы!$Z$1,AG20*10,IF($W20=автоматы!$AE$1,AI20*10,"др")))))) -> др | BV20: ВВГнг(А)-LS | BW20: 1 | BX20: 3 | BY20: 1.5 | BZ20: =HLOOKUP(BV20,каталог!$CG$1:$CO$22,MATCH(BY20,каталог!$CF$1:$CF$22,0),0)*BW20 -> 19 | CA20: =CONCATENATE("н",C20,"") -> нП3 | CB20: =CONCATENATE(BV20," ",BX20,"x",BY20) -> ВВГнг(А)-LS 3x1,5
A21: 12 | B21: 100 | C21: П4 | D21: Вентилятор осевой с регулятором скорости | E21: 220 | F21: L2 | G21: 0.42 | H21: =IF(E21<=230,(G21)/((E21/1000)*J21*(B21/100)),(G21)/(1.732*(E21/1000)*J21*(B21/100))) -> 1.9090909 | I21: 1 | J21: 1 | K21: =ROUND(SQRT(1-(J21)^2)/J21,2) -> 0 | L21: =I21*G21 -> 0.42 | M21: =I21*G21*K21 -> 0 | N21: =1*G21^2 -> 0.1764 | U21: =H21*1.1 -> 2.1 | V21: =7*H21 -> 13.363636 | W21: Ch_NS2 | X21: 2Р | Y21: =IF(U21<=6,6,IF(U21<=10,10,IF(U21<=16,16,IF(U21<=20,20,IF(U21<=25,25,IF(U21<=32,32,IF(U21<=40,40,IF(U21<=50,50,IF(U21<=63,63,"др.выкл"))))))))) -> 6 | Z21: =INDEX(автоматы!$B$3:$D$11,MATCH(Y21,автоматы!$A$3:$A$11,0),MATCH(X21,кол_пол,0)) -> EZ9F34206 | AA21: =IF(U21<=0.16,0.16,IF(U21<=0.25,0.25,IF(U21<=0.4,0.4,IF(U21<=0.63,0.63,IF(U21<=1,1,IF(U21<=1.6,1.6,IF(U21<=2.5,2.5,IF(U21<=4,4,IF(U21<=6.3,6.3,IF(U21<=10,10,IF(U21<=14,14,IF(U21<=18,18,IF(U21<=23,23,IF(U21<=25,25,IF(U21<=32,32,"др.авт"))))))))))))))) -> 2.5 | AB21: =VLOOKUP(AA21,автоматы!$H$3:$I$17,2,0) -> GZ1 E07 | AC21: =IF(U21<=20,20,IF(U21<=25,25,IF(U21<=32,32,IF(U21<=40,40,IF(U21<=50,50,IF(U21<=63,63,IF(U21<=80,80,IF(U21<=100,100,IF(U21<=125,125,IF(U21<=160,160,IF(U21<=200,200,IF(U21<=250,250,IF(U21<=300,300,IF(U21<=320,320,IF(U21<=400,400,IF(U21<=500,500,IF(U21<=630,630,"др.авт"))))))))))))))))) -> 20 | AD21: =VLOOKUP(AC21,автоматы!$N$3:$O$19,2,0) -> LZMB1-A20-I | AE21: =IF(U21<=6,6,IF(U21<=10,10,IF(U21<=16,16,IF(U21<=20,20,IF(U21<=25,25,IF(U21<=32,32,IF(U21<=40,40,IF(U21<=50,50,IF(U21<=63,63,"др.выкл"))))))))) -> 6 | AF21: =INDEX(автоматы!$T$2:$V$15,MATCH(AE21,автоматы!$S$2:$S$15,0),MATCH(X21,автоматы!$T$1:$V$1,0)) -> iC60N C6 2P | AG21: =IF(U21<=6,6,IF(U21<=10,10,IF(U21<=16,16,IF(U21<=20,20,IF(U21<=25,25,IF(U21<=32,32,IF(U21<=40,40,"др.выкл"))))))) -> 6 | AH21: =VLOOKUP(AG21,автоматы!$Z$3:$AA$9,2,0) -> A9D31606 | AI21: =IF(U21<=15,15,IF(U21<=16,16,IF(U21<=20,20,IF(U21<=25,25,IF(U21<=32,32,IF(U21<=40,40,IF(U21<=45,45,IF(U21<=50,50,IF(U21<=60,60,IF(U21<=63,63,IF(U21<=75,75,IF(U21<=80,80,IF(U21<=100,100,IF(U21<=125,125,IF(U21<=150,150,IF(U21<=160,160,IF(U21<=175,175,IF(U21<=200,200,IF(U21<=225,225,IF(U21<=250,250,IF(U21<=320,320,IF(U21<=350,350,IF(U21<=400,400,"др.выкл"))))))))))))))))))))))) -> 15 | AJ21: =VLOOKUP(AI21,автоматы!$AE$3:$AF$26,2,0) -> EZC100F3015 | AK21: =IF(U21<=0.16,0.16,IF(U21<=0.25,0.25,IF(U21<=0.4,0.4,IF(U21<=0.63,0.63,IF(U21<=1,1,IF(U21<=1.6,1.6,IF(U21<=2.5,2.5,IF(U21<=4,4,IF(U21<=6.3,6.3,IF(U21<=10,10,IF(U21<=14,14,IF(U21<=18,18,IF(U21<=23,23,IF(U21<=25,25,IF(U21<=32,32,"др.авт"))))))))))))))) -> 2.5 | AL21: =VLOOKUP(AK21,DEKraft!$I$2:$J$16,2,0) -> 21226DEK | AM21: =IF(U21<=0.16,0.16,IF(U21<=0.25,0.25,IF(U21<=0.4,0.4,IF(U21<=0.63,0.63,IF(U21<=1,1,IF(U21<=1.6,1.6,IF(U21<=2.5,2.5,IF(U21<=4,4,IF(U21<=6.3,6.3,IF(U21<=10,10,IF(U21<=14,14,IF(U21<=18,18,IF(U21<=23,23,IF(U21<=25,25,IF(U21<=32,32,"др.авт"))))))))))))))) -> 2.5 | AN21: =VLOOKUP(AM21,systeme!$A$33:$B$47,2,0) -> GM2ME07 | AO21: =IF(U21<=0.16,0.16,IF(U21<=0.25,0.25,IF(U21<=0.4,0.4,IF(U21<=0.63,0.63,IF(U21<=1,1,IF(U21<=1.6,1.6,IF(U21<=2.5,2.5,IF(U21<=4,4,IF(U21<=6.3,6.3,IF(U21<=10,10,IF(U21<=14,14,IF(U21<=18,18,IF(U21<=23,23,IF(U21<=25,25,IF(U21<=32,32,"др.авт"))))))))))))))) -> 2.5 | AP21: =VLOOKUP(AO21,chint!$A$34:$B$48,2,0) -> 495078 | AQ21: =IF(U21<=6,6,IF(U21<=10,10,IF(U21<=16,16,IF(U21<=20,20,IF(U21<=25,25,IF(U21<=32,32,IF(U21<=40,40,IF(U21<=50,50,IF(U21<=63,63,"др.выкл"))))))))) -> 6 | AR21: =INDEX(DEKraft!$B$2:$D$13,MATCH(AQ21,DEKraft!$A$2:$A$13,0),MATCH(X21,DEKraft!$B$1:$D$1,0)) -> 13163DEK | AS21: =INDEX(DEKraft!$B$21:$D$32,MATCH(AQ21,DEKraft!$A$21:$A$32,0),MATCH(X21,DEKraft!$B$20:$D$20,0)) -> 12285DEK | AT21: =INDEX(systeme!$B$2:$D$10,MATCH(AQ21,systeme!$A$2:$A$10,0),MATCH(X21,systeme!$B$1:$D$1,0)) -> C9F36206 | AU21: =INDEX(chint!$B$2:$D$10,MATCH(AQ21,chint!$A$2:$A$10,0),MATCH(X21,chint!$B$1:$D$1,0)) -> 179667 | AV21: =IF(U21<=6,6,IF(U21<=10,10,IF(U21<=16,16,IF(U21<=20,20,IF(U21<=25,25,IF(U21<=32,32,IF(U21<=40,40,"др.выкл"))))))) -> 6 | AW21: =VLOOKUP(AV21,DEKraft!$A$41:$B$47,2,0) -> 16202DEK | AX21: =IF(U21<=10,10,IF(U21<=16,16,IF(U21<=20,20,IF(U21<=25,25,IF(U21<=32,32,IF(U21<=40,40,"др.выкл")))))) -> 10 | AY21: =VLOOKUP(AX21,systeme!$G$2:$H$7,2,0) -> C9D36610 | AZ21: =IF(U21<=6,6,IF(U21<=10,10,IF(U21<=16,16,IF(U21<=20,20,IF(U21<=25,25,IF(U21<=32,32,IF(U21<=40,40,"др.выкл"))))))) -> 6 | BA21: =VLOOKUP(AV21,chint!$G$2:$H$8,2,0) -> 689000 | BB21: =IF(U21<=25,25,IF(U21<=32,32,IF(U21<=40,40,IF(U21<=50,50,IF(U21<=63,63,IF(U21<=80,80,IF(U21<=100,100,IF(U21<=125,125,IF(U21<=140,140,IF(U21<=160,160,IF(U21<=200,200,IF(U21<=250,250,IF(U21<=320,320,IF(U21<=400,400,IF(U21<=500,500,IF(U21<=630,630,"др.выкл")))))))))))))))) -> 25 | BC21: =VLOOKUP(BB21,DEKraft!$I$21:$J$36,2,0) -> 28100DEK | BD21: =IF(U21<=16,16,IF(U21<=25,25,IF(U21<=32,32,IF(U21<=40,40,IF(U21<=50,50,IF(U21<=63,63,IF(U21<=80,80,IF(U21<=100,100,IF(U21<=125,125,IF(U21<=160,160,IF(U21<=200,200,IF(U21<=250,250,IF(U21<=400,400,IF(U21<=500,500,IF(U21<=600,600,"др.авт"))))))))))))))) -> 16 | BE21: =VLOOKUP(BD21,systeme!$A$16:$B$30,2,0) -> SPC100F016L3DF | BF21: =IF(U21<=16,16,IF(U21<=25,25,IF(U21<=32,32,IF(U21<=40,40,IF(U21<=50,50,IF(U21<=63,63,IF(U21<=80,80,IF(U21<=100,100,IF(U21<=125,125,IF(U21<=160,160,IF(U21<=200,200,IF(U21<=225,225,IF(U21<=250,250,IF(U21<=315,315,IF(U21<=350,350,IF(U21<=400,400,IF(U21<=500,500,IF(U21<=630,630,"др.выкл")))))))))))))))))) -> 16 | BG21: =VLOOKUP(BF21,chint!$A$14:$B$31,2,0) -> 271581 | BH21: =IF(U21<=6,6,IF(U21<=10,10,IF(U21<=16,16,IF(U21<=20,20,IF(U21<=25,25,IF(U21<=32,32,IF(U21<=40,40,IF(U21<=50,50,IF(U21<=63,63,"др.выкл"))))))))) -> 6 | BI21: =INDEX(КЭАЗ!$B$2:$E$14,MATCH(BH21,КЭАЗ!$A$2:$A$14,0),MATCH(X21,КЭАЗ!$B$1:$D$1,0)) -> kea.341916 | BJ21: =IF(U21<=6,6,IF(U21<=10,10,IF(U21<=16,16,IF(U21<=20,20,IF(U21<=25,25,IF(U21<=32,32,IF(U21<=40,40,IF(U21<=50,50,IF(U21<=63,63,IF(U21<=80,80,IF(U21<=100,100,IF(U21<=125,125,"др.выкл")))))))))))) -> 6 | BK21: =INDEX(hy!$B$2:$D$18,MATCH(BJ21,hy!$A$2:$A$18,0),MATCH(X21,hy!$B$1:$D$1,0)) -> HGD63M 2PMCS0000C 00006 | BL21: =VLOOKUP(BJ21,hy!$G$2:$H$15,2,0) -> HRO63M 1NG4С0000C00006G | BM21: =IF(U21<=0.16,0.16,IF(U21<=0.25,0.25,IF(U21<=0.4,0.4,IF(U21<=0.63,0.63,IF(U21<=1,1,IF(U21<=1.6,1.6,IF(U21<=2.5,2.5,IF(U21<=4,4,IF(U21<=6.3,6.3,IF(U21<=10,10,IF(U21<=14,14,IF(U21<=18,18,IF(U21<=23,23,IF(U21<=25,25,IF(U21<=32,32,"др.авт"))))))))))))))) -> 2.5 | BN21: =VLOOKUP(BM21,hy!$A$41:$B$55,2,0) -> MMS32K 02P5 | BO21: =IF(U21<=100,100,IF(U21<=125,125,IF(U21<=150,150,IF(U21<=160,160,IF(U21<=175,175,IF(U21<=200,200,IF(U21<=225,225,IF(U21<=250,250,IF(U21<=300,300,IF(U21<=350,350,IF(U21<=400,400,IF(U21<=500,500,IF(U21<=630,630,IF(U21<=700,700,IF(U21<=800,800,"др.выкл"))))))))))))))) -> 100 | BP21: =VLOOKUP(BO21,hy!$A$21:$B$35,2,0) -> HGP100S-G 3PT4S0000C 00100H | BQ21: =IF($W21=автоматы!$D$45,Z21,IF($W21=автоматы!$D$46,AF21,IF($W21=автоматы!$D$47,AH21,IF($W21=автоматы!$D$48,AB21,IF($W21=автоматы!$D$49,AJ21,IF($W21=автоматы!$D$50,AD21,IF($W21=автоматы!$D$51,BI21,IF($W21=автоматы!$D$52,AR21,IF($W21=автоматы!$D$53,AS21,IF($W21=автоматы!$D$54,AW21,IF($W21=автоматы!$D$55,AL21,IF($W21=автоматы!$D$56,BC21,IF($W21=автоматы!$D$57,AT21,IF($W21=автоматы!$D$58,AY21,IF($W21=автоматы!$D$59,AN21,IF($W21=автоматы!$D$60,BE21,IF($W21=автоматы!$D$61,AU21,IF($W21=автоматы!$D$62,BA21,IF($W21=автоматы!$D$63,AP21,IF($W21=автоматы!$D$64,BG21,IF($W21=автоматы!$D$65,BK21,IF($W21=автоматы!$D$66,BL21,IF($W21=автоматы!$D$67,BN21,IF($W21=автоматы!$D$68,BP21,"др")))))))))))))))))))))))) -> 495078 | BR21: =IF($W21=автоматы!$D$45,Y21,IF($W21=автоматы!$D$46,AE21,IF($W21=автоматы!$D$47,AG21,IF($W21=автоматы!$D$48,AA21,IF($W21=автоматы!$D$49,AI21,IF($W21=автоматы!$D$50,AC21,IF($W21=автоматы!$D$51,BH21,IF($W21=автоматы!$D$52,AQ21,IF($W21=автоматы!$D$53,AQ21,IF($W21=автоматы!$D$54,AV21,IF($W21=автоматы!$D$55,AK21,IF($W21=автоматы!$D$56,BB21,IF($W21=автоматы!$D$57,AQ21,IF($W21=автоматы!$D$58,AX21,IF($W21=автоматы!$D$59,AM21,IF($W21=автоматы!$D$60,BD21,IF($W21=автоматы!$D$61,AQ21,IF($W21=автоматы!$D$62,AZ21,IF($W21=автоматы!$D$63,AO21,IF($W21=автоматы!$D$64,BF21,IF($W21=автоматы!$D$65,BJ21,IF($W21=автоматы!$D$66,BJ21,IF($W21=автоматы!$D$67,BM21,IF($W21=автоматы!$D$68,BO21,"др")))))))))))))))))))))))) -> 2.5 | BS21: =CONCATENATE(IF($W21=автоматы!$A$1,Y21,IF($W21=автоматы!$H$1,VLOOKUP(AA21,автоматы!$H$3:$K$17,3,0),IF($W21=автоматы!$N$1,VLOOKUP(AC21,автоматы!$N$3:$Q$19,3,0),IF($W21=автоматы!$S$17,AE21,IF($W21=автоматы!$Z$1,AG21,IF($W21=автоматы!$AE$1,AI21,"др"))))))," А") -> др А | BT21: =IF($W21=автоматы!$A$1,Y21*10,IF($W21=автоматы!$H$1,VLOOKUP(AA21,автоматы!$H$3:$K$17,4,0),IF($W21=автоматы!$N$1,VLOOKUP(AC21,автоматы!$N$3:$Q$19,4,0),IF($W21=автоматы!$S$17,AE21*10,IF($W21=автоматы!$Z$1,AG21*10,IF($W21=автоматы!$AE$1,AI21*10,"др")))))) -> др | BV21: ВВГнг(А)-LS | BW21: 1 | BX21: 3 | BY21: 1.5 | BZ21: =HLOOKUP(BV21,каталог!$CG$1:$CO$22,MATCH(BY21,каталог!$CF$1:$CF$22,0),0)*BW21 -> 19 | CA21: =CONCATENATE("н",C21,"") -> нП4 | CB21: =CONCATENATE(BV21," ",BX21,"x",BY21) -> ВВГнг(А)-LS 3x1,5
